family,metric,largest,second_largest,absolute_delta,percentage_point_delta,relative_percent_delta
YOLO26,map50_95,0.6037298757352638,0.5862366580892475,-0.0174932176460163,-1.7493217646016301,-2.897523933979884
YOLO26,ap50,0.9036869055768179,0.889889991218281,-0.013796914358536805,-1.3796914358536805,-1.5267361155056558
YOLO26,ap75,0.6644261043391709,0.6435370937329495,-0.020889010606221392,-2.088901060622139,-3.143917806630625
YOLO26,recall,0.8462854168215959,0.8343868520859671,-0.01189856473562878,-1.189856473562878,-1.405975395430581
YOLO26,f1,0.8933723235138264,0.8821448227061875,-0.011227500807638902,-1.1227500807638902,-1.2567549399200906
YOLO26,inference_ms,72.45824582952385,36.26607983993987,-36.19216598958398,,-49.94899555633061
YOLO26,pipeline_ms,109.63863453788993,76.40285129503657,-33.23578324285336,,-30.313933936642957
YOLO26,fps,9.120872438943143,13.088516764098356,3.967644325155213,,43.50071061420253
YOLO26,peak_allocated_mib,952.18408203125,777.52001953125,-174.6640625,,-18.343518422130867
YOLO26,parameters,70693800.0,31515528.0,-39178272.0,,-55.4196718807024
YOLO26,checkpoint_mb,142.129861,63.700037,-78.429824,,-55.181805883845904
YOLO11,map50_95,0.5366738467470231,0.5282280924728132,-0.008445754274209905,-0.8445754274209905,-1.5737219775852185
YOLO11,ap50,0.8758063224736697,0.867131944606602,-0.008674377867067706,-0.8674377867067706,-0.9904447643820813
YOLO11,ap75,0.5758446672083074,0.5657284944123087,-0.010116172795998746,-1.0116172795998746,-1.756753751848028
YOLO11,recall,0.8222280062467465,0.8097716962891351,-0.012456309957611378,-1.2456309957611378,-1.5149459593904013
YOLO11,f1,0.8766129511803532,0.8664239820174653,-0.010188969162887918,-1.0188969162887918,-1.1623110460743824
YOLO11,inference_ms,69.40603260455343,35.38676935752543,-34.019263247028,,-49.014850684313785
YOLO11,pipeline_ms,105.8851853183781,76.81036997858125,-29.074815339796857,,-27.458813291372163
YOLO11,fps,9.444191810149608,13.01907542274373,3.574883612594123,,37.85272138111617
YOLO11,peak_allocated_mib,942.47802734375,794.47265625,-148.00537109375,,-15.703853755708618
YOLO11,parameters,62142656.0,27678368.0,-34464288.0,,-55.459953304860356
YOLO11,checkpoint_mb,125.090821,56.096965,-68.99385600000001,,-55.15501093401569
YOLOv8,map50_95,0.5247580626734066,0.5201446012109309,-0.004613461462475765,-0.4613461462475765,-0.8791597100904491
YOLOv8,ap50,0.8664019816376334,0.8599775759372985,-0.006424405700334868,-0.6424405700334868,-0.7415040404445739
YOLOv8,ap75,0.5604524271949338,0.5581492684388618,-0.00230315875607201,-0.23031587560720101,-0.4109463434031957
YOLOv8,recall,0.8142708410797947,0.8093998661411467,-0.004870974938648076,-0.4870974938648076,-0.5982008310881803
YOLOv8,f1,0.8646162349968415,0.8565020657092268,-0.008114169287614659,-0.8114169287614659,-0.9384706138029331
YOLOv8,inference_ms,67.84281638412115,40.08965912469042,-27.75315725943073,,-40.908026433181
YOLOv8,pipeline_ms,109.4412234685539,83.55832827626728,-25.882895192286625,,-23.65004188730002
YOLOv8,fps,9.137324751192436,11.967687968741062,2.8303632175486264,,30.975841338891442
YOLOv8,peak_allocated_mib,1001.13330078125,855.2744140625,-145.85888671875,,-14.569377185328536
YOLOv8,parameters,71827888.0,45997728.0,-25830160.0,,-35.96118543816853
YOLOv8,checkpoint_mb,144.101612,92.417004,-51.68460799999998,,-35.866779894176325
YOLOv9,map50_95,0.5366419441506356,0.5176464087892373,-0.018995535361398308,-1.8995535361398308,-3.5397038133989533
YOLOv9,ap50,0.8820368560899167,0.85541398841877,-0.026622867671146633,-2.6622867671146633,-3.0183395951464242
YOLOv9,ap75,0.5720999620827557,0.5591798822616316,-0.012920079821124086,-1.2920079821124086,-2.258360544910365
YOLOv9,recall,0.8265784189782107,0.8029300215661486,-0.02364839741206215,-2.364839741206215,-2.860998650472335
YOLOv9,f1,0.8771133776559017,0.8569557711768557,-0.020157606479045964,-2.0157606479045964,-2.298175696842919
YOLOv9,inference_ms,65.8879176088764,35.292866125625245,-30.59505148325116,,-46.43499535813134
YOLOv9,pipeline_ms,103.37558938772418,76.92052417007896,-26.455065217645213,,-25.591211014451297
YOLOv9,fps,9.67346358964266,13.000431429573986,3.326967839931326,,34.39272613269044
YOLOv9,peak_allocated_mib,855.4072265625,838.4853515625,-16.921875,,-1.9782244613482436
YOLOv9,parameters,60512800.0,27897120.0,-32615680.0,,-53.898811491122544
YOLOv9,checkpoint_mb,122.212466,56.470235,-65.742231,,-53.79339207507685
