item,status,evidence
Frozen config/protocol,PASS,SHA256 at Phase 4 start versus final
Frozen implementation,PASS,Every benchmark/frozen-pilot Python source
Validated evaluator and pilot preserved,PASS,Original and frozen snapshot hashes
Image manifest unchanged,PASS,"Ordered list, dimensions and original image hashes"
Predetermined sample lists unchanged,PASS,Preflight/timing/visualization hashes frozen before full run
Dataset images unchanged,PASS,"Rehash every one of 2,862 original image files"
Ground truth and sequence metadata unchanged,PASS,All GT and seqinfo SHA256
Checkpoints unchanged,PASS,All four checkpoint SHA256
YOLO26l-Seg exact frame list/count,PASS,Successful metadata plus per-frame file audit
YOLO26l-Seg saved predictions and tensor shapes,PASS,Lossless RLE/class/score/dimensions checked on every saved frame
YOLO11l-Seg exact frame list/count,PASS,Successful metadata plus per-frame file audit
YOLO11l-Seg saved predictions and tensor shapes,PASS,Lossless RLE/class/score/dimensions checked on every saved frame
YOLOv8l-Seg exact frame list/count,PASS,Successful metadata plus per-frame file audit
YOLOv8l-Seg saved predictions and tensor shapes,PASS,Lossless RLE/class/score/dimensions checked on every saved frame
YOLOv9c-Seg exact frame list/count,PASS,Successful metadata plus per-frame file audit
YOLOv9c-Seg saved predictions and tensor shapes,PASS,Lossless RLE/class/score/dimensions checked on every saved frame
Common ap_max_dets,PASS,200
Common fixed_confidence,PASS,0.25
Common ap_confidence_floor,PASS,0.001
Common nms_iou,PASS,0.7
Common max_detections,PASS,1000
Common precision,PASS,fp32
Common imgsz,PASS,640
Common batch,PASS,1
Common rect,PASS,False
Common retina_masks,PASS,True
Common matching_iou,PASS,0.5
Common ignore_prediction_ioa,PASS,0.5
NMS one-to-many path and CUDA FP32,PASS,Backend state asserted at load
Same evaluator manifest,PASS,One source_manifest SHA256
Same frozen protocol and config,PASS,Each model metadata
Three clean timing rounds per model,PASS,Contaminated rounds excluded from primary table
Same exact timing frame order for every round,PASS,100 identical ordered frame keys × 12 runs
No contaminated timing in primary table,PASS,Before/during/after telemetry and other-process audit
Complete accuracy metrics,PASS,4 overall plus 16 sequence records
Complete timing metrics,PASS,"Dedicated timing, evaluator preparation excluded"
