model,gt_persons_per_frame,frames,tp,fp,fn,ignored_predictions,precision,recall,f1
yolov9c-seg.pt,3,14,42,3,0,19,0.9333333333333333,1.0,0.9655172413793104
yolov9c-seg.pt,4,31,102,12,22,41,0.8947368421052632,0.8225806451612904,0.8571428571428571
yolov9c-seg.pt,5,117,504,30,81,106,0.9438202247191011,0.8615384615384616,0.900804289544236
yolov9c-seg.pt,6,181,956,99,130,202,0.9061611374407583,0.8802946593001841,0.8930406352171882
yolov9c-seg.pt,7,251,1559,109,198,365,0.934652278177458,0.8873079112122937,0.9103649635036496
yolov9c-seg.pt,8,368,2618,152,326,375,0.9451263537906137,0.889266304347826,0.9163458172908645
yolov9c-seg.pt,9,505,3855,349,690,595,0.9169838249286394,0.8481848184818482,0.8812435706937936
yolov9c-seg.pt,10,539,4416,401,974,605,0.916753165870874,0.8192949907235622,0.8652885274811404
yolov9c-seg.pt,11,313,2579,224,864,326,0.9200856225472708,0.749056055765321,0.8258085174511688
yolov9c-seg.pt,12,232,2010,241,774,402,0.8929364726788094,0.7219827586206896,0.7984111221449851
yolov9c-seg.pt,13,193,1826,186,683,349,0.9075546719681908,0.7277799920286967,0.8077858880778589
yolov9c-seg.pt,14,91,853,83,421,223,0.9113247863247863,0.6695447409733124,0.7719457013574661
yolov9c-seg.pt,15,21,209,14,106,63,0.9372197309417041,0.6634920634920635,0.7769516728624535
yolov9c-seg.pt,16,6,65,6,31,19,0.9154929577464789,0.6770833333333334,0.7784431137724551
