model,round,sequence,frame,post_nms_candidates,predictions,rle_preparation_ms,preprocess_ms,inference_ms,postprocess_ms,total_ms,fps,image_height,image_width,input_height,input_width,ultralytics_postprocess_inclusive_ms,binary_validation_gpu_ms,mask_bitpack_gpu_ms,packed_mask_gpu_to_cpu_ms,mask_numpy_view_ms,bbox_gpu_to_cpu_ms,bbox_numpy_view_ms,prediction_objects_and_bbox_extract_ms,contaminated
yolo11l-seg.pt,1,MOTS20-02,1,144,144,480.21925101056695,2.2563920356333256,28.60925707500428,92.23741095047444,123.10306006111205,8.123274916996946,1080,1920,640,640,45.22763192653656,1.4302521012723446,13.611147995106876,31.295807915739715,0.043277046643197536,0.1631809864193201,0.007482944056391716,0.4131270106881857,False
yolo11l-seg.pt,1,MOTS20-02,26,144,144,480.3320160135627,1.916059060022235,27.955183992162347,70.4768099822104,100.34805303439498,9.965315417303046,1080,1920,640,640,46.664564055390656,1.5155989676713943,13.623478007502854,7.986878976225853,0.059045967645943165,0.19360007718205452,0.010443967767059803,0.3749449970200658,False
yolo11l-seg.pt,1,MOTS20-02,51,127,127,422.64046892523766,1.9316260004416108,28.22366589680314,61.34703801944852,91.50232991669327,10.928683465332881,1080,1920,640,640,40.712479036301374,1.2976439902558923,12.00710900593549,6.797438953071833,0.03523100167512894,0.13577798381447792,0.006960006430745125,0.32143096905201674,False
yolo11l-seg.pt,1,MOTS20-02,76,139,139,464.06977297738194,1.86770292930305,29.232847038656473,66.15559197962284,97.25614194758236,10.282126968793033,1080,1920,640,640,43.73230994679034,1.3800269225612283,13.12641508411616,7.325380924157798,0.03130605909973383,0.12436194811016321,0.007073977030813694,0.38934010080993176,False
yolo11l-seg.pt,1,MOTS20-02,101,135,135,448.63112398888916,1.9569490104913712,28.779944987036288,66.10474700573832,96.84164100326598,10.326136459896162,1080,1920,640,640,42.861387017183006,1.3369839871302247,12.740180012769997,8.631219039671123,0.03202492371201515,0.1288210041821003,0.007360009476542473,0.33814599737524986,False
yolo11l-seg.pt,1,MOTS20-02,126,125,125,420.0538679724559,1.9298660336062312,29.459626064635813,60.93297793995589,92.32247003819793,10.831599280069687,1080,1920,640,640,40.47083994373679,1.265007071197033,11.806314927525818,6.872263038530946,0.03178499173372984,0.12680399231612682,0.006943009793758392,0.32154901418834925,False
yolo11l-seg.pt,1,MOTS20-02,151,128,128,424.33464201167226,1.8674549646675587,29.333737096749246,61.83318793773651,93.03437999915332,10.74871461506059,1080,1920,640,640,40.71541898883879,1.2872000224888325,12.093774974346161,6.930224015377462,0.03175903111696243,0.13687997125089169,0.009852927178144455,0.5668220110237598,False
yolo11l-seg.pt,1,MOTS20-02,176,120,120,404.5684280572459,1.8360770773142576,32.927910913713276,57.404274004511535,92.16826199553907,10.84972178436434,1080,1920,640,640,37.79729304369539,1.180819934234023,11.347351013682783,6.522228009998798,0.03206497058272362,0.13646099250763655,0.006744056008756161,0.34548400435596704,False
yolo11l-seg.pt,1,MOTS20-02,201,121,121,398.87402299791574,1.862704986706376,29.831142048351467,57.966204010881484,89.66005104593933,11.153239244617737,1080,1920,640,640,38.10996294487268,1.2058300198987126,11.473809950985014,6.68340502306819,0.027842936106026173,0.12078206054866314,0.007279915735125542,0.30870200134813786,False
yolo11l-seg.pt,1,MOTS20-02,226,114,114,377.8371879598126,1.8643740331754088,29.869867954403162,55.105907027609646,86.84014901518822,11.515410916960787,1080,1920,640,640,36.55152302235365,1.1507439194247127,10.764833074063063,6.173998001031578,0.028696958906948566,0.11868204455822706,0.0071909744292497635,0.28330401983112097,False
yolo11l-seg.pt,1,MOTS20-02,251,130,130,431.4208619762212,2.2207869915291667,35.65857803914696,65.21953700575978,103.0989020364359,9.699424341556933,1080,1920,640,640,43.95354096777737,1.3399319723248482,12.236764072440565,7.097629946656525,0.031111063435673714,0.14606397598981857,0.012392993085086346,0.36089797504246235,False
yolo11l-seg.pt,1,MOTS20-02,276,135,135,448.19557992741466,1.7997530521824956,40.233114967122674,70.48500701785088,112.51787503715605,8.887476764645408,1080,1920,640,640,48.499037977308035,1.4514349168166518,12.690005009062588,7.275916985236108,0.030194059945642948,0.12551399413496256,0.007312977686524391,0.34983805380761623,False
yolo11l-seg.pt,1,MOTS20-02,300,136,136,466.1846220260486,1.8222780199721456,33.72292802669108,66.057656891644,101.60286293830723,9.842242345151192,1080,1920,640,640,43.676915927790105,1.3437310699373484,12.82306492794305,7.680169073864818,0.029507908038794994,0.11634803377091885,0.006597023457288742,0.34000398591160774,False
yolo11l-seg.pt,1,MOTS20-02,325,135,135,446.77002902608365,1.9425649661570787,30.406962032429874,64.41527197603136,96.76479897461832,10.334336562434268,1080,1920,640,640,42.46101400349289,1.3500719796866179,12.757836026139557,7.251246017403901,0.033968943171203136,0.133280991576612,0.007288064807653427,0.3888639621436596,False
yolo11l-seg.pt,1,MOTS20-02,350,154,154,506.8130089202896,1.8358950037509203,29.353740043006837,76.58664300106466,107.77627804782242,9.278479625695375,1080,1920,640,640,48.005371005274355,1.5022029401734471,14.516153023578227,11.947373975999653,0.03653706517070532,0.1510669244453311,0.007503083907067776,0.3909209044650197,False
yolo11l-seg.pt,1,MOTS20-02,375,133,133,435.9639519825578,1.822341000661254,29.300854075700045,64.04297391418368,95.16616899054497,10.507935862158671,1080,1920,640,640,42.498723953031,1.3299279380589724,12.54455209709704,7.115809945389628,0.033208983950316906,0.12851797509938478,0.007310067303478718,0.3542589256539941,False
yolo11l-seg.pt,1,MOTS20-02,400,118,118,387.525605969131,1.8529989756643772,29.25114391837269,57.21565010026097,88.31979299429804,11.322490305933579,1080,1920,640,640,37.94873401056975,1.2046879855915904,11.129386955872178,6.414469098672271,0.033156946301460266,0.1375529682263732,0.007538008503615856,0.3109800163656473,False
yolo11l-seg.pt,1,MOTS20-02,425,140,140,461.8312609381974,2.321928972378373,32.71456900984049,67.03521590679884,102.0717138890177,9.797033496344515,1080,1920,640,640,44.00549398269504,1.4035460771992803,13.26510589569807,7.681617047637701,0.04250695928931236,0.1851610140874982,0.007358030416071415,0.39786798879504204,False
yolo11l-seg.pt,1,MOTS20-02,450,120,120,398.74349802266806,1.8903720192611217,28.82369700819254,58.13245801255107,88.84652704000473,11.2553639778146,1080,1920,640,640,38.053277996368706,1.217598095536232,11.348387924954295,6.6001450177282095,0.04083907697349787,0.20152388606220484,0.014300108887255192,0.5884119309484959,False
yolo11l-seg.pt,1,MOTS20-02,475,141,141,473.10930595267564,1.9306429894641042,28.85227999649942,67.68440105952322,98.46732404548675,10.155653255470336,1080,1920,640,640,44.63498806580901,1.4210789231583476,13.313957024365664,7.691305014304817,0.038604019209742546,0.15136704314500093,0.00714592169970274,0.38984103593975306,False
yolo11l-seg.pt,1,MOTS20-02,500,105,105,345.35831795074046,2.593677956610918,29.57315102685243,51.05655000079423,83.22337898425758,12.01585434531754,1080,1920,640,640,33.89747906476259,1.07679795473814,9.918036055751145,5.693493993021548,0.03326591104269028,0.12861902359873056,0.00653101596981287,0.2738049952313304,False
yolo11l-seg.pt,1,MOTS20-02,525,98,98,321.3655090657994,1.8845199374482036,28.246065019629896,48.38220600504428,78.51279096212238,12.736778144626635,1080,1920,640,640,32.42808301001787,1.017379923723638,9.279942023567855,5.2233809838071465,0.028604059480130672,0.11795794125646353,0.007712980732321739,0.24847802706062794,False
yolo11l-seg.pt,1,MOTS20-02,550,115,115,381.59552100114524,1.905675046145916,28.881905018351972,55.7844010181725,86.57198108267039,11.551081394857622,1080,1920,640,640,37.11375792045146,1.1750999838113785,10.878666071221232,6.108092027716339,0.03005191683769226,0.12562901247292757,0.007290043868124485,0.3105439245700836,False
yolo11l-seg.pt,1,MOTS20-02,575,107,107,357.1819739881903,1.8625189550220966,33.29228202346712,51.93301592953503,87.08781690802425,11.482662391871948,1080,1920,640,640,34.37610703986138,1.0916240280494094,10.10516204405576,5.874177906662226,0.03378908149898052,0.13430393300950527,0.006571062840521336,0.2846820279955864,False
yolo11l-seg.pt,1,MOTS20-02,600,101,101,339.0128070022911,1.8890590872615576,35.70876794401556,51.69669596944004,89.29452300071716,11.198895143792509,1080,1920,640,640,34.742632997222245,1.1079380055889487,9.56403196323663,5.547538981772959,0.030144001357257366,0.19181100651621819,0.01275702379643917,0.4249069606885314,False
yolo11l-seg.pt,1,MOTS20-05,1,33,33,15.493715996854007,0.9608849650248885,37.92877495288849,5.619689007289708,44.509348925203085,22.467190020696023,480,640,640,640,4.250603029504418,0.12853601947426796,0.5564439343288541,0.4128400469198823,0.023635919205844402,0.10881305206567049,0.007543014362454414,0.10751700028777122,False
yolo11l-seg.pt,1,MOTS20-05,36,69,69,32.59524307213724,0.9573589777573943,39.25453801639378,8.764664991758764,48.97656198590994,20.41792970865717,480,640,640,640,6.4162309281528,0.23190106730908155,1.0750319343060255,0.7035240996629,0.02265989314764738,0.09980704635381699,0.006868038326501846,0.18020393326878548,False
yolo11l-seg.pt,1,MOTS20-05,71,69,69,32.01787802390754,1.0032879654318094,39.2194390296936,8.940752944909036,49.16347994003445,20.340301402986878,480,640,640,640,6.414662930183113,0.21403993014246225,1.0649809846654534,0.7462520152330399,0.047603040002286434,0.119981006719172,0.008089933544397354,0.29299804009497166,False
yolo11l-seg.pt,1,MOTS20-05,106,76,76,36.119358032010496,0.9386839810758829,35.82443797495216,9.042008081451058,45.8051300374791,21.83161578586876,480,640,640,640,6.535049993544817,0.2117359545081854,1.1563070584088564,0.7534309988841414,0.042970990762114525,0.1192799536511302,0.008021015673875809,0.18909003119915724,False
yolo11l-seg.pt,1,MOTS20-05,140,74,74,34.59936904255301,0.9661949006840587,31.096111051738262,8.84959101676941,40.91189696919173,24.44276785192922,480,640,640,640,6.218357011675835,0.20050699822604656,1.144014997407794,0.7579709636047482,0.02403405960649252,0.14592299703508615,0.010818010196089745,0.3161029890179634,False
yolo11l-seg.pt,1,MOTS20-05,175,29,29,13.39623099192977,1.7152129439637065,32.14152704458684,5.149335949681699,39.00607593823224,25.63703156358363,480,640,640,640,3.8636570097878575,0.12118404265493155,0.4900869680568576,0.3694460028782487,0.04740501753985882,0.10375003330409527,0.006709946319460869,0.10750198271125555,False
yolo11l-seg.pt,1,MOTS20-05,210,44,44,20.613783970475197,0.8488399907946587,31.387362047098577,6.758952978998423,38.99515501689166,25.644211430030904,480,640,640,640,4.9517109291628,0.17283798661082983,0.705686048604548,0.5327720427885652,0.02251099795103073,0.1289329957216978,0.009082956239581108,0.19690406043082476,False
yolo11l-seg.pt,1,MOTS20-05,245,54,54,25.482499971985817,0.9441139409318566,31.27184498589486,7.0183430798351765,39.23430200666189,25.487900863642288,480,640,640,640,5.117643973790109,0.15817803796380758,0.838354928418994,0.5692030536010861,0.021821935661137104,0.12729410082101822,0.010106945410370827,0.1504890387877822,False
yolo11l-seg.pt,1,MOTS20-05,280,57,57,27.049597003497183,0.9544349741190672,29.76912702433765,7.410136982798576,38.13369898125529,26.223524775069745,480,640,640,640,5.4434300400316715,0.18115597777068615,0.8786229882389307,0.6079890299588442,0.021841959096491337,0.0949520617723465,0.006475020200014114,0.15192292630672455,False
yolo11l-seg.pt,1,MOTS20-05,314,81,81,37.66371693927795,0.9640989592298865,29.178258031606674,9.502268978394568,39.64462596923113,25.22409975001699,480,640,640,640,6.829092046245933,0.23062503896653652,1.2225669343024492,0.8288699900731444,0.023987027816474438,0.10550196748226881,0.006985035724937916,0.22749695926904678,False
yolo11l-seg.pt,1,MOTS20-05,349,75,75,35.81203403882682,0.9688630234450102,28.632740024477243,8.940599975176156,38.54220302309841,25.94558488005209,480,640,640,640,6.243878044188023,0.21422002464532852,1.1400510556995869,0.8316929452121258,0.024740002118051052,0.12220104690641165,0.008260016329586506,0.32027694396674633,False
yolo11l-seg.pt,1,MOTS20-05,384,88,88,40.555647923611104,0.98431296646595,29.34127300977707,9.765032911673188,40.09061888791621,24.943491214135683,480,640,640,640,6.973722018301487,0.21081604063510895,1.3138949871063232,0.8696019649505615,0.025051995180547237,0.10431709233671427,0.007265014573931694,0.23457093629986048,False
yolo11l-seg.pt,1,MOTS20-05,419,56,56,25.410196045413613,0.9709009900689125,29.043251066468656,7.080659968778491,37.09481202531606,26.957947632071324,480,640,640,640,5.15518500469625,0.15493400860577822,0.8619059808552265,0.6047310307621956,0.02283696085214615,0.0940150348469615,0.006361049599945545,0.15615299344062805,False
yolo11l-seg.pt,1,MOTS20-05,454,60,60,27.701037004590034,0.892283977009356,29.36721104197204,7.305528037250042,37.56502305623144,26.620508085489273,480,640,640,640,5.294634960591793,0.15847396571189165,0.9243900422006845,0.6109599489718676,0.0208650017157197,0.10713096708059311,0.007335096597671509,0.15724590048193932,False
yolo11l-seg.pt,1,MOTS20-05,489,47,47,21.95582108106464,0.8916840888559818,29.257588903419673,6.677147001028061,36.826419993303716,27.15441794727355,480,640,640,640,4.962149076163769,0.17810298595577478,0.747392070479691,0.5136079853400588,0.02077803947031498,0.09344099089503288,0.0068999361246824265,0.12518302537500858,False
yolo11l-seg.pt,1,MOTS20-05,524,48,48,22.153257043100893,1.7607880290597677,31.46785101853311,6.530693965032697,39.759333012625575,25.151327354572324,480,640,640,640,4.773183958604932,0.14943804126232862,0.7554939948022366,0.5174969555810094,0.022363034076988697,0.09159103501588106,0.006380956619977951,0.18181698396801949,False
yolo11l-seg.pt,1,MOTS20-05,558,60,60,27.417902019806206,0.9056089911609888,29.083034954965115,7.45295500382781,37.441598949953914,26.70826107978572,480,640,640,640,5.431346013210714,0.16008899547159672,0.919557991437614,0.6373480428010225,0.022855005227029324,0.09394495282322168,0.007071066647768021,0.15642098151147366,False
yolo11l-seg.pt,1,MOTS20-05,593,73,73,34.67871493194252,0.9211519500240684,29.545295983552933,8.428925066255033,38.895372999832034,25.709998976081767,480,640,640,640,6.091778050176799,0.18877896945923567,1.097382977604866,0.704085105098784,0.02325396053493023,0.09822403080761433,0.006951973773539066,0.1936350017786026,False
yolo11l-seg.pt,1,MOTS20-05,628,42,42,19.48871894273907,0.9825490415096283,28.86845695320517,6.1182110803201795,35.969217075034976,27.801550362186404,480,640,640,640,4.529325058683753,0.15030894428491592,0.6670450093224645,0.49758004024624825,0.022774911485612392,0.09543111082166433,0.006621936336159706,0.12486299965530634,False
yolo11l-seg.pt,1,MOTS20-05,663,86,86,40.530571015551686,0.8914360078051686,29.401848907582462,10.262936004437506,40.55622091982514,24.6571297157317,480,640,640,640,7.5265890918672085,0.20793790463358164,1.282009994611144,0.796901062130928,0.021854997612535954,0.1522529637441039,0.009887036867439747,0.23971102200448513,False
yolo11l-seg.pt,1,MOTS20-05,698,89,89,41.31408594548702,0.9533249540254474,28.385880053974688,9.912201901897788,39.25140690989792,25.476793794818924,480,640,640,640,7.065124926157296,0.21889503113925457,1.3294649543240666,0.8753890870139003,0.024496926926076412,0.10323501192033291,0.007534981705248356,0.24550198577344418,False
yolo11l-seg.pt,1,MOTS20-05,732,62,62,29.11346801556647,0.918781035579741,29.086399008519948,7.858555996790528,37.86373604089022,26.41049469920425,480,640,640,640,5.75600506272167,0.18839992117136717,0.9647989645600319,0.6086160428822041,0.021224026568233967,0.12362399138510227,0.010245013982057571,0.15754601918160915,False
yolo11l-seg.pt,1,MOTS20-05,767,74,74,34.48700893204659,0.9546020301058888,29.845961020328104,9.735315921716392,40.535878972150385,24.669503298227138,480,640,640,640,7.234310964122415,0.20819902420043945,1.1319529730826616,0.7712349761277437,0.023678061552345753,0.11572393123060465,0.007734051905572414,0.2068550093099475,False
yolo11l-seg.pt,1,MOTS20-05,802,59,59,27.222567005082965,0.9758879896253347,29.920846107415855,7.489507901482284,38.386241998523474,26.051000252602613,480,640,640,640,5.450247903354466,0.15567592345178127,0.9055980481207371,0.6454900139942765,0.032881973311305046,0.09949901141226292,0.006824033334851265,0.16870093531906605,False
yolo11l-seg.pt,1,MOTS20-05,837,73,73,36.85104998294264,0.901101971976459,29.808815103024244,8.527737925760448,39.23765500076115,25.485722833859505,480,640,640,640,6.134238908998668,0.19397400319576263,1.1005289852619171,0.7476260652765632,0.0222428934648633,0.09967200458049774,0.006332993507385254,0.19822607282549143,False
yolo11l-seg.pt,1,MOTS20-09,1,79,79,261.74896000884473,2.2865739883854985,28.06093404069543,39.29174703080207,69.639255059883,14.359717075377919,1080,1920,640,640,26.222305954433978,0.8274450665339828,7.488364004530013,4.341819905675948,0.030438066460192204,0.12960401363670826,0.006661983206868172,0.21915591787546873,False
yolo11l-seg.pt,1,MOTS20-09,23,68,68,227.46408300008625,1.87020399607718,27.96325006056577,33.99486397393048,63.82831803057343,15.667027282796411,1080,1920,640,640,22.59600895922631,0.7243409054353833,6.46453199442476,3.8010430289432406,0.02953805960714817,0.11946598533540964,0.006760936230421066,0.2177960705012083,False
yolo11l-seg.pt,1,MOTS20-09,45,77,77,257.13123101741076,1.8908990314230323,28.067169012501836,38.163929944857955,68.12199798878282,14.679545954665967,1080,1920,640,640,25.327940937131643,0.8143519517034292,7.298491080291569,4.300492932088673,0.03037101123481989,0.1435680314898491,0.007368042133748531,0.2139549469575286,False
yolo11l-seg.pt,1,MOTS20-09,66,69,69,230.25587596930563,1.8373479833826423,28.570033027790487,34.206487936899066,64.6138689480722,15.47655350593018,1080,1920,640,640,22.590363980270922,0.7268700283020735,6.567563978023827,3.897596034221351,0.029859947971999645,0.11861906386911869,0.006977003067731857,0.2321809297427535,False
yolo11l-seg.pt,1,MOTS20-09,88,72,72,249.31740493047982,1.8737089121714234,28.662221040576696,35.85277101956308,66.3887009723112,15.062804142184843,1080,1920,640,640,23.899695952422917,0.7803239859640598,6.8442829651758075,3.9098220877349377,0.029721995815634727,0.14835689216852188,0.008902046829462051,0.20554102957248688,False
yolo11l-seg.pt,1,MOTS20-09,110,59,59,195.54052001331002,2.4414840154349804,28.146154945716262,30.4631469771266,61.05078593827784,16.379805511611217,1080,1920,640,640,20.551978959701955,0.671223970130086,5.615437985397875,3.2340730540454388,0.02961594145745039,0.1258690608665347,0.006671994924545288,0.19932701252400875,False
yolo11l-seg.pt,1,MOTS20-09,132,64,64,211.10422199126333,1.8529410008341074,37.97191090416163,34.353124094195664,74.1779759991914,13.481090398191787,1080,1920,640,640,23.62786908634007,0.7092570886015892,6.067860987968743,3.56759293936193,0.029996968805789948,0.12401002459228039,0.006821006536483765,0.19256502855569124,False
yolo11l-seg.pt,1,MOTS20-09,154,71,71,237.70801804494113,1.8835370428860188,38.423488033004105,37.44004690088332,77.74707197677344,12.86222071872681,1080,1920,640,640,25.62712598592043,0.7847470697015524,6.733080022968352,3.8650939241051674,0.033377087675035,0.13061496429145336,0.007492024451494217,0.2300540218129754,False
yolo11l-seg.pt,1,MOTS20-09,176,100,100,329.17987811379135,1.8430890049785376,41.32483107969165,54.06563892029226,97.23355900496244,10.284515040213263,1080,1920,640,640,37.44825394824147,1.0942189255729318,9.425441036000848,5.5835520615801215,0.03624800592660904,0.16759592108428478,0.00860507134348154,0.2732019638642669,False
yolo11l-seg.pt,1,MOTS20-09,198,60,60,198.84206692222506,1.8875290406867862,38.01664605271071,32.00127393938601,71.90544903278351,13.907151870285585,1080,1920,640,640,21.886592963710427,0.6636020261794329,5.693423910997808,3.357430105097592,0.029811984859406948,0.12199592310935259,0.006700051017105579,0.20709994714707136,False
yolo11l-seg.pt,1,MOTS20-09,219,69,68,225.18542292527854,2.245356095954776,38.10373495798558,37.57682698778808,77.92591804172844,12.832700918127284,1080,1920,640,640,26.21286897920072,0.769886071793735,6.451129913330078,3.7303389981389046,0.043230014853179455,0.12001406867057085,0.006696907803416252,0.21316809579730034,False
yolo11l-seg.pt,1,MOTS20-09,241,77,77,258.1788969691843,1.8259180942550302,38.000546977855265,40.56887200567871,80.39533707778901,12.438532337172974,1080,1920,640,640,27.692992007359862,0.8529970655217767,7.291815942153335,4.297323990613222,0.030931085348129272,0.12129696551710367,0.007619033567607403,0.23741100449115038,False
yolo11l-seg.pt,1,MOTS20-09,263,76,76,251.01187103427947,1.973473932594061,37.94848499819636,40.45520105864853,80.37715998943895,12.441345279323052,1080,1920,640,640,27.53495902288705,0.8722840575501323,7.213276927359402,4.346052999608219,0.040606013499200344,0.16043800860643387,0.0064820051193237305,0.24750700686126947,False
yolo11l-seg.pt,1,MOTS20-09,285,65,65,215.86433297488838,1.879708026535809,38.01491693593562,34.68309110030532,74.57771606277674,13.408831119985456,1080,1920,640,640,23.66241009440273,0.7173470221459866,6.205779034644365,3.6516309482976794,0.03536301665008068,0.13921293430030346,0.006912043318152428,0.2267480595037341,False
yolo11l-seg.pt,1,MOTS20-09,307,96,96,322.7561470121145,2.014997065998614,42.57336293812841,53.957625990733504,98.54598599486053,10.147546750936694,1080,1920,640,640,37.8231389913708,1.1304389918223023,9.08711098600179,5.365335033275187,0.04318996798247099,0.17061596736311913,0.007639057002961636,0.29298290610313416,False
yolo11l-seg.pt,1,MOTS20-09,328,83,83,275.3273999551311,1.927862991578877,45.9828560706228,49.002498970367014,96.9132180325687,10.318509902993208,1080,1920,640,640,34.786609932780266,1.0212650522589684,7.897274917922914,4.793522995896637,0.04425609949976206,0.16671698540449142,0.0074909767135977745,0.24833297356963158,False
yolo11l-seg.pt,1,MOTS20-09,350,71,71,232.63008799403906,1.8365209689363837,48.5039179911837,41.93849302828312,92.2789319884032,10.83670972834483,1080,1920,640,640,29.941707965917885,0.8590290090069175,6.737002986483276,3.934488049708307,0.03370700869709253,0.16057398170232773,0.0071749091148376465,0.2062231069430709,False
yolo11l-seg.pt,1,MOTS20-09,372,67,67,219.91480106953532,1.858662930317223,51.878824015147984,40.299382992088795,94.036869937554,10.63412681285605,1080,1920,640,640,29.060936998575926,0.8405849803239107,6.366646033711731,3.6496809916570783,0.030284980311989784,0.11934502981603146,0.0064480118453502655,0.19837997388094664,False
yolo11l-seg.pt,1,MOTS20-09,394,64,64,211.28515305463225,1.8932719249278307,48.47696900833398,37.4953830614686,87.86562399473041,11.381015174489322,1080,1920,640,640,26.753382058814168,0.7788710063323379,6.0856189811602235,3.4856999991461635,0.02931698691099882,0.11810904834419489,0.006548943929374218,0.20183506421744823,False
yolo11l-seg.pt,1,MOTS20-09,416,81,80,267.683761077933,1.8503220053389668,48.535382957197726,48.677637008950114,99.0633419714868,10.094551426377558,1080,1920,640,640,35.18015902955085,1.0007329983636737,7.603580015711486,4.455956048332155,0.03072002436965704,0.12665591202676296,0.007483991794288158,0.22886099759489298,False
yolo11l-seg.pt,1,MOTS20-09,438,85,85,284.4346199417487,1.969497068785131,48.530216910876334,49.71755505539477,100.21726903505623,9.978320199986667,1080,1920,640,640,35.30775697436184,1.0387940565124154,8.076632977463305,4.784008022397757,0.03204902168363333,0.1596779329702258,0.008839997462928295,0.27210009284317493,False
yolo11l-seg.pt,1,MOTS20-09,460,62,62,205.9864109614864,1.8989950185641646,48.40480408165604,36.75875696353614,87.06255606375635,11.485994039362858,1080,1920,640,640,26.263587991707027,0.7552779279649258,5.893427063710988,3.4584240056574345,0.031079980544745922,0.11990300845354795,0.006919028237462044,0.18569198437035084,False
yolo11l-seg.pt,1,MOTS20-09,481,99,99,341.00388491060585,1.9969959976151586,48.50060201715678,57.69048095680773,108.18807897157967,9.243162550863795,1080,1920,640,640,40.695840027183294,1.1524020228534937,9.35528299305588,5.794159020297229,0.03743800334632397,0.1624890137463808,0.009402981959283352,0.44370198156684637,False
yolo11l-seg.pt,1,MOTS20-09,503,69,69,241.69324594549835,2.0131180062890053,40.808592922985554,38.19593403022736,81.01764495950192,12.342990227621,1080,1920,640,640,26.301734033040702,0.8121189894154668,6.55763503164053,3.979415982030332,0.03104202914983034,0.16301206778734922,0.012740958482027054,0.30123302713036537,False
yolo11l-seg.pt,1,MOTS20-09,525,89,88,316.82890304364264,2.128307009115815,40.91896500904113,49.63953699916601,92.68680901732296,10.78902176698199,1080,1920,640,640,35.04926594905555,0.9868340566754341,8.311118930578232,4.815580090507865,0.02918601967394352,0.15943998005241156,0.009365961886942387,0.24790596216917038,False
yolo11l-seg.pt,1,MOTS20-11,1,120,119,404.45774304680526,1.9337179837748408,39.246227010153234,65.91231806669384,107.09226306062192,9.337742722216339,1080,1920,640,640,45.90848309453577,1.3284569140523672,11.226400034502149,6.636493024416268,0.03162992652505636,0.1623870339244604,0.011443044058978558,0.5470889154821634,False
yolo11l-seg.pt,1,MOTS20-11,38,90,90,312.3029749840498,2.0432850578799844,36.44078900106251,46.15719791036099,84.64127196930349,11.814567252281677,1080,1920,640,640,31.154599972069263,0.9904659818857908,8.543300908058882,4.9949330277740955,0.02962700091302395,0.12310699094086885,0.006521004252135754,0.27144700288772583,False
yolo11l-seg.pt,1,MOTS20-11,76,96,96,331.89528004731983,1.8861190183088183,35.691721946932375,48.44079096801579,86.01863193325698,11.625388331866443,1080,1920,640,640,32.414130051620305,1.0497350012883544,9.10771801136434,5.377808935008943,0.029801041819155216,0.1214509829878807,0.00651204027235508,0.29062596149742603,False
yolo11l-seg.pt,1,MOTS20-11,113,91,91,324.18407092336565,2.0113909849897027,36.006946000270545,46.89388896804303,84.91222595330328,11.776867097441787,1080,1920,640,640,31.590442056767642,0.9605339728295803,8.646358968690038,5.111685022711754,0.028203940019011497,0.13438204769045115,0.0076070427894592285,0.37813198287039995,False
yolo11l-seg.pt,1,MOTS20-11,151,57,57,199.51647601556033,1.8839749973267317,36.366289015859365,30.085409991443157,68.33567400462925,14.633645084590183,1080,1920,640,640,20.287609077058733,0.6536890286952257,5.449978983961046,3.2468970166519284,0.028260983526706696,0.12821191921830177,0.008404022082686424,0.25040097534656525,False
yolo11l-seg.pt,1,MOTS20-11,188,98,98,352.0137690939009,2.27088900282979,42.00516897253692,54.40568900667131,98.68174698203802,10.133586307324082,1080,1920,640,640,37.57333499379456,1.1036749929189682,9.279440040700138,5.730584962293506,0.04182406701147556,0.13757601846009493,0.007765018381178379,0.4700199933722615,False
yolo11l-seg.pt,1,MOTS20-11,226,68,68,235.5305899400264,2.034237957559526,38.8907560845837,37.12528001051396,78.05027405265719,12.812254820852297,1080,1920,640,640,25.663343025371432,0.7619078969582915,6.460043019615114,3.8323430344462395,0.027774018235504627,0.11579797137528658,0.0062199542298913,0.22168306168168783,False
yolo11l-seg.pt,1,MOTS20-11,263,45,45,155.6728989817202,2.028773073107004,38.84033195208758,26.017702999524772,66.88680802471936,14.950631216105124,1080,1920,640,640,18.139717052690685,0.5650189705193043,4.336672951467335,2.6470801094546914,0.027535948902368546,0.11499098036438227,0.006529036909341812,0.14896795619279146,False
yolo11l-seg.pt,1,MOTS20-11,301,87,86,294.9884489644319,1.8582460470497608,38.82643091492355,47.49908309895545,88.18376006092876,11.339956464875964,1080,1920,640,640,33.17768801935017,0.9535870049148798,8.128534071147442,4.7730839578434825,0.04140299279242754,0.12223806697875261,0.007488997653126717,0.25353790260851383,False
yolo11l-seg.pt,1,MOTS20-11,338,109,109,375.3012199886143,1.9640180980786681,38.840950932353735,58.032341999933124,98.83731103036553,10.11763664526216,1080,1920,640,640,40.060747996903956,1.1994149535894394,10.290418984368443,5.931045045144856,0.032017938792705536,0.15474006067961454,0.010082963854074478,0.3145079826936126,False
yolo11l-seg.pt,1,MOTS20-11,376,119,119,411.54871706385165,2.023632056079805,36.4182589109987,60.5600361013785,99.00192706845701,10.100813485262044,1080,1920,640,640,40.639691054821014,1.2837060494348407,11.253710021264851,6.613282021135092,0.03295694477856159,0.13389403466135263,0.007412978447973728,0.5380429793149233,False
yolo11l-seg.pt,1,MOTS20-11,413,64,64,219.40756391268224,2.011224045418203,38.83489198051393,33.309746999293566,74.1558630252257,13.485110404012541,1080,1920,640,640,22.31186896096915,0.6854099920019507,6.091301911510527,3.6557080456987023,0.029891962185502052,0.13059203047305346,0.007926952093839645,0.3385090967640281,False
yolo11l-seg.pt,1,MOTS20-11,450,91,91,312.77411594055593,1.9440489122644067,34.42705806810409,46.610406949184835,82.98151392955333,12.050876787436586,1080,1920,640,640,31.05444402899593,0.9609370026737452,8.661800995469093,5.259794066660106,0.03386999014765024,0.16179203521460295,0.011701020412147045,0.41749293450266123,False
yolo11l-seg.pt,1,MOTS20-11,488,87,87,300.1811520662159,1.864924910478294,33.2237200345844,43.813879950903356,78.90252489596605,12.67386565028828,1080,1920,640,640,28.987625031732023,0.9329150198027492,8.278211927972734,4.954667063429952,0.04823098424822092,0.16382604371756315,0.010603922419250011,0.38933707401156425,False
yolo11l-seg.pt,1,MOTS20-11,525,65,65,216.5695169242099,1.9211750477552414,34.78784300386906,34.05371401458979,70.76273206621408,14.13173249252559,1080,1920,640,640,22.72698504384607,0.7492509903386235,6.211941014043987,3.7913399282842875,0.026860041543841362,0.154359033331275,0.014198943972587585,0.33584795892238617,False
yolo11l-seg.pt,1,MOTS20-11,563,36,36,120.10852107778192,2.2169071016833186,41.85006592888385,21.14505402278155,65.21202705334872,15.334594632090166,1080,1920,640,640,14.86001000739634,0.45773095916956663,3.4587890841066837,2.0803320221602917,0.026530935429036617,0.10317598935216665,0.005349982529878616,0.12886105105280876,False
yolo11l-seg.pt,1,MOTS20-11,600,65,65,219.2958389641717,1.7881951062008739,42.50079998746514,36.134282941929996,80.42327803559601,12.434210895474711,1080,1920,640,640,25.193344918079674,0.7524329703301191,6.167693994939327,3.660834045149386,0.026881927624344826,0.11012807954102755,0.004828907549381256,0.19392406102269888,False
yolo11l-seg.pt,1,MOTS20-11,638,47,47,155.62631597276777,1.7921279650181532,44.77757902350277,27.3179350188002,73.88764200732112,13.534062974981872,1080,1920,640,640,19.323816988617182,0.593795906752348,4.487307043746114,2.581781940534711,0.025714049115777016,0.12798502575606108,0.007100985385477543,0.14348002150654793,False
yolo11l-seg.pt,1,MOTS20-11,675,38,38,125.05461007822305,1.8639609916135669,46.32897209376097,23.32740998826921,71.52034307364374,13.982035837975644,1080,1920,640,640,16.434132936410606,0.5151050863787532,3.685888950712979,2.352265059016645,0.0313539057970047,0.13208610471338034,0.005439971573650837,0.14335999730974436,False
yolo11l-seg.pt,1,MOTS20-11,713,54,54,178.62881801556796,1.8662119982764125,47.024063067510724,31.560905976220965,80.4511810420081,12.429898319054429,1080,1920,640,640,22.319754003547132,0.6665230030193925,5.152257974259555,3.0554329277947545,0.033242045901715755,0.1342690084129572,0.005178968422114849,0.16754597891122103,False
yolo11l-seg.pt,1,MOTS20-11,750,124,124,408.52951200213283,1.7391069559380412,47.0130400499329,68.69799201376736,117.4501390196383,8.514251309934972,1080,1920,640,640,48.42481599189341,1.429633004590869,11.691728956066072,6.5983489621430635,0.03229803405702114,0.13699999544769526,0.005678040906786919,0.3370199119672179,False
yolo11l-seg.pt,1,MOTS20-11,788,110,110,361.76655406598,1.8254539463669062,40.311731048859656,57.44775594212115,99.58494093734771,10.041678898309877,1080,1920,640,640,39.496151031926274,1.2201110366731882,10.373914963565767,5.845132051035762,0.03057194408029318,0.1240770798176527,0.005684909410774708,0.3186280373483896,False
yolo11l-seg.pt,1,MOTS20-11,825,54,54,179.66447700746357,1.7728180391713977,36.353234900161624,27.999436017125845,66.12548895645887,15.122761521785678,1080,1920,640,640,18.86820700019598,0.5890380125492811,5.148010910488665,3.0418470269069076,0.025380984880030155,0.10362407192587852,0.005563022568821907,0.18400093540549278,False
yolo11l-seg.pt,1,MOTS20-11,863,116,116,382.3898680275306,1.8135479185730219,36.35941108223051,57.9890989465639,96.16205794736743,10.399111888259837,1080,1920,640,640,38.98314596153796,1.2321610702201724,10.931637953035533,6.134330062195659,0.024860957637429237,0.1521980157122016,0.008487957529723644,0.4764480981975794,False
yolo11l-seg.pt,1,MOTS20-11,900,105,105,343.6621279688552,1.939362962730229,36.42831102479249,52.757265977561474,91.1249399650842,10.973944129709869,1080,1920,640,640,35.411066957749426,1.118868007324636,9.914688998833299,5.6257969699800014,0.028269016183912754,0.13558997306972742,0.006047077476978302,0.47318695578724146,False
