sequence,frame,gt_persons,ignore_regions
MOTS20-02,1,12,1
MOTS20-02,2,13,1
MOTS20-02,3,13,1
MOTS20-02,4,13,1
MOTS20-02,5,15,1
MOTS20-02,6,15,1
MOTS20-02,7,15,1
MOTS20-02,8,15,1
MOTS20-02,9,15,1
MOTS20-02,10,15,1
MOTS20-02,11,14,1
MOTS20-02,12,14,1
MOTS20-02,13,14,1
MOTS20-02,14,14,1
MOTS20-02,15,14,1
MOTS20-02,16,13,1
MOTS20-02,17,13,1
MOTS20-02,18,13,1
MOTS20-02,19,13,1
MOTS20-02,20,13,1
MOTS20-02,21,13,1
MOTS20-02,22,13,1
MOTS20-02,23,13,1
MOTS20-02,24,14,1
MOTS20-02,25,14,1
MOTS20-02,26,14,1
MOTS20-02,27,14,1
MOTS20-02,28,14,1
MOTS20-02,29,14,1
MOTS20-02,30,14,1
MOTS20-02,31,14,1
MOTS20-02,32,14,1
MOTS20-02,33,14,1
MOTS20-02,34,14,1
MOTS20-02,35,14,1
MOTS20-02,36,14,1
MOTS20-02,37,14,1
MOTS20-02,38,14,1
MOTS20-02,39,14,1
MOTS20-02,40,13,1
MOTS20-02,41,13,1
MOTS20-02,42,13,1
MOTS20-02,43,13,1
MOTS20-02,44,12,1
MOTS20-02,45,12,1
MOTS20-02,46,12,1
MOTS20-02,47,12,1
MOTS20-02,48,13,1
MOTS20-02,49,13,1
MOTS20-02,50,13,1
MOTS20-02,51,13,1
MOTS20-02,52,12,1
MOTS20-02,53,12,1
MOTS20-02,54,13,1
MOTS20-02,55,13,1
MOTS20-02,56,13,1
MOTS20-02,57,12,1
MOTS20-02,58,12,1
MOTS20-02,59,12,1
MOTS20-02,60,12,1
MOTS20-02,61,12,1
MOTS20-02,62,12,1
MOTS20-02,63,12,1
MOTS20-02,64,12,1
MOTS20-02,65,11,1
MOTS20-02,66,12,1
MOTS20-02,67,12,1
MOTS20-02,68,12,1
MOTS20-02,69,12,1
MOTS20-02,70,12,1
MOTS20-02,71,12,1
MOTS20-02,72,12,1
MOTS20-02,73,12,1
MOTS20-02,74,12,1
MOTS20-02,75,12,1
MOTS20-02,76,12,1
MOTS20-02,77,12,1
MOTS20-02,78,12,1
MOTS20-02,79,12,1
MOTS20-02,80,12,1
MOTS20-02,81,11,1
MOTS20-02,82,11,1
MOTS20-02,83,11,1
MOTS20-02,84,11,1
MOTS20-02,85,11,1
MOTS20-02,86,11,1
MOTS20-02,87,11,1
MOTS20-02,88,11,1
MOTS20-02,89,11,1
MOTS20-02,90,11,1
MOTS20-02,91,11,1
MOTS20-02,92,11,1
MOTS20-02,93,11,1
MOTS20-02,94,11,1
MOTS20-02,95,11,1
MOTS20-02,96,11,1
MOTS20-02,97,11,1
MOTS20-02,98,11,1
MOTS20-02,99,11,1
MOTS20-02,100,11,1
MOTS20-02,101,12,1
MOTS20-02,102,12,1
MOTS20-02,103,11,1
MOTS20-02,104,11,1
MOTS20-02,105,11,1
MOTS20-02,106,11,1
MOTS20-02,107,11,1
MOTS20-02,108,11,1
MOTS20-02,109,11,1
MOTS20-02,110,11,1
MOTS20-02,111,11,1
MOTS20-02,112,11,1
MOTS20-02,113,11,1
MOTS20-02,114,11,1
MOTS20-02,115,11,1
MOTS20-02,116,11,1
MOTS20-02,117,11,1
MOTS20-02,118,11,1
MOTS20-02,119,11,1
MOTS20-02,120,11,1
MOTS20-02,121,11,1
MOTS20-02,122,11,1
MOTS20-02,123,11,1
MOTS20-02,124,11,1
MOTS20-02,125,11,1
MOTS20-02,126,11,1
MOTS20-02,127,11,1
MOTS20-02,128,12,1
MOTS20-02,129,12,1
MOTS20-02,130,11,1
MOTS20-02,131,12,1
MOTS20-02,132,12,1
MOTS20-02,133,13,1
MOTS20-02,134,14,1
MOTS20-02,135,14,1
MOTS20-02,136,14,1
MOTS20-02,137,14,1
MOTS20-02,138,14,1
MOTS20-02,139,13,1
MOTS20-02,140,13,1
MOTS20-02,141,13,1
MOTS20-02,142,13,1
MOTS20-02,143,13,1
MOTS20-02,144,13,1
MOTS20-02,145,13,1
MOTS20-02,146,13,1
MOTS20-02,147,13,1
MOTS20-02,148,13,1
MOTS20-02,149,13,1
MOTS20-02,150,13,1
MOTS20-02,151,13,1
MOTS20-02,152,13,1
MOTS20-02,153,14,1
MOTS20-02,154,14,1
MOTS20-02,155,14,1
MOTS20-02,156,14,1
MOTS20-02,157,14,1
MOTS20-02,158,13,1
MOTS20-02,159,13,1
MOTS20-02,160,13,1
MOTS20-02,161,12,1
MOTS20-02,162,12,1
MOTS20-02,163,12,1
MOTS20-02,164,12,1
MOTS20-02,165,12,1
MOTS20-02,166,12,1
MOTS20-02,167,12,1
MOTS20-02,168,12,1
MOTS20-02,169,12,1
MOTS20-02,170,12,1
MOTS20-02,171,12,1
MOTS20-02,172,13,1
MOTS20-02,173,12,1
MOTS20-02,174,12,1
MOTS20-02,175,12,1
MOTS20-02,176,11,1
MOTS20-02,177,11,1
MOTS20-02,178,11,1
MOTS20-02,179,12,1
MOTS20-02,180,12,1
MOTS20-02,181,12,1
MOTS20-02,182,11,1
MOTS20-02,183,11,1
MOTS20-02,184,11,1
MOTS20-02,185,12,1
MOTS20-02,186,12,1
MOTS20-02,187,12,1
MOTS20-02,188,13,1
MOTS20-02,189,13,1
MOTS20-02,190,13,1
MOTS20-02,191,13,1
MOTS20-02,192,13,1
MOTS20-02,193,13,1
MOTS20-02,194,13,1
MOTS20-02,195,13,1
MOTS20-02,196,13,1
MOTS20-02,197,13,1
MOTS20-02,198,12,1
MOTS20-02,199,12,1
MOTS20-02,200,12,1
MOTS20-02,201,12,1
MOTS20-02,202,12,1
MOTS20-02,203,12,1
MOTS20-02,204,12,1
MOTS20-02,205,12,1
MOTS20-02,206,12,1
MOTS20-02,207,12,1
MOTS20-02,208,12,1
MOTS20-02,209,11,1
MOTS20-02,210,12,1
MOTS20-02,211,12,1
MOTS20-02,212,12,1
MOTS20-02,213,12,1
MOTS20-02,214,11,1
MOTS20-02,215,11,1
MOTS20-02,216,11,1
MOTS20-02,217,11,1
MOTS20-02,218,11,1
MOTS20-02,219,11,1
MOTS20-02,220,11,1
MOTS20-02,221,11,1
MOTS20-02,222,11,1
MOTS20-02,223,10,1
MOTS20-02,224,11,1
MOTS20-02,225,11,1
MOTS20-02,226,11,1
MOTS20-02,227,11,1
MOTS20-02,228,11,1
MOTS20-02,229,11,1
MOTS20-02,230,11,1
MOTS20-02,231,10,1
MOTS20-02,232,10,1
MOTS20-02,233,10,1
MOTS20-02,234,10,1
MOTS20-02,235,10,1
MOTS20-02,236,11,1
MOTS20-02,237,11,1
MOTS20-02,238,10,1
MOTS20-02,239,10,1
MOTS20-02,240,10,1
MOTS20-02,241,10,1
MOTS20-02,242,10,1
MOTS20-02,243,10,1
MOTS20-02,244,10,1
MOTS20-02,245,10,1
MOTS20-02,246,10,1
MOTS20-02,247,10,1
MOTS20-02,248,10,1
MOTS20-02,249,10,1
MOTS20-02,250,10,1
MOTS20-02,251,10,1
MOTS20-02,252,10,1
MOTS20-02,253,9,1
MOTS20-02,254,10,1
MOTS20-02,255,10,1
MOTS20-02,256,10,1
MOTS20-02,257,10,1
MOTS20-02,258,10,1
MOTS20-02,259,11,1
MOTS20-02,260,11,1
MOTS20-02,261,11,1
MOTS20-02,262,11,1
MOTS20-02,263,11,1
MOTS20-02,264,12,1
MOTS20-02,265,12,1
MOTS20-02,266,12,1
MOTS20-02,267,12,1
MOTS20-02,268,12,1
MOTS20-02,269,12,1
MOTS20-02,270,12,1
MOTS20-02,271,12,1
MOTS20-02,272,12,1
MOTS20-02,273,13,1
MOTS20-02,274,13,1
MOTS20-02,275,13,1
MOTS20-02,276,13,1
MOTS20-02,277,13,1
MOTS20-02,278,13,1
MOTS20-02,279,13,1
MOTS20-02,280,13,1
MOTS20-02,281,13,1
MOTS20-02,282,13,1
MOTS20-02,283,13,1
MOTS20-02,284,13,1
MOTS20-02,285,12,1
MOTS20-02,286,12,1
MOTS20-02,287,12,1
MOTS20-02,288,13,1
MOTS20-02,289,13,1
MOTS20-02,290,13,1
MOTS20-02,291,13,1
MOTS20-02,292,13,1
MOTS20-02,293,13,1
MOTS20-02,294,13,1
MOTS20-02,295,13,1
MOTS20-02,296,13,1
MOTS20-02,297,13,1
MOTS20-02,298,12,1
MOTS20-02,299,12,1
MOTS20-02,300,12,1
MOTS20-02,301,12,1
MOTS20-02,302,12,1
MOTS20-02,303,12,1
MOTS20-02,304,13,1
MOTS20-02,305,13,1
MOTS20-02,306,13,1
MOTS20-02,307,14,1
MOTS20-02,308,14,1
MOTS20-02,309,13,1
MOTS20-02,310,13,1
MOTS20-02,311,13,1
MOTS20-02,312,13,1
MOTS20-02,313,13,1
MOTS20-02,314,13,1
MOTS20-02,315,13,1
MOTS20-02,316,13,1
MOTS20-02,317,13,1
MOTS20-02,318,13,1
MOTS20-02,319,13,1
MOTS20-02,320,13,1
MOTS20-02,321,13,1
MOTS20-02,322,13,1
MOTS20-02,323,12,1
MOTS20-02,324,12,1
MOTS20-02,325,12,1
MOTS20-02,326,12,1
MOTS20-02,327,12,1
MOTS20-02,328,12,1
MOTS20-02,329,12,1
MOTS20-02,330,12,1
MOTS20-02,331,12,1
MOTS20-02,332,12,1
MOTS20-02,333,12,1
MOTS20-02,334,11,1
MOTS20-02,335,12,1
MOTS20-02,336,12,1
MOTS20-02,337,11,1
MOTS20-02,338,10,1
MOTS20-02,339,9,1
MOTS20-02,340,8,1
MOTS20-02,341,8,1
MOTS20-02,342,8,1
MOTS20-02,343,8,1
MOTS20-02,344,8,1
MOTS20-02,345,8,1
MOTS20-02,346,8,1
MOTS20-02,347,8,1
MOTS20-02,348,8,1
MOTS20-02,349,9,1
MOTS20-02,350,9,1
MOTS20-02,351,9,1
MOTS20-02,352,9,1
MOTS20-02,353,10,1
MOTS20-02,354,11,1
MOTS20-02,355,9,1
MOTS20-02,356,9,1
MOTS20-02,357,9,1
MOTS20-02,358,10,1
MOTS20-02,359,10,1
MOTS20-02,360,10,1
MOTS20-02,361,10,1
MOTS20-02,362,9,1
MOTS20-02,363,9,1
MOTS20-02,364,9,1
MOTS20-02,365,9,1
MOTS20-02,366,9,1
MOTS20-02,367,8,1
MOTS20-02,368,8,1
MOTS20-02,369,8,1
MOTS20-02,370,8,1
MOTS20-02,371,7,1
MOTS20-02,372,8,1
MOTS20-02,373,9,1
MOTS20-02,374,9,1
MOTS20-02,375,9,1
MOTS20-02,376,9,1
MOTS20-02,377,9,1
MOTS20-02,378,9,1
MOTS20-02,379,9,1
MOTS20-02,380,10,1
MOTS20-02,381,10,1
MOTS20-02,382,10,1
MOTS20-02,383,11,1
MOTS20-02,384,9,1
MOTS20-02,385,10,1
MOTS20-02,386,9,1
MOTS20-02,387,8,1
MOTS20-02,388,8,1
MOTS20-02,389,8,1
MOTS20-02,390,8,1
MOTS20-02,391,8,1
MOTS20-02,392,8,1
MOTS20-02,393,8,1
MOTS20-02,394,8,1
MOTS20-02,395,8,1
MOTS20-02,396,8,1
MOTS20-02,397,8,1
MOTS20-02,398,7,1
MOTS20-02,399,7,1
MOTS20-02,400,7,1
MOTS20-02,401,7,1
MOTS20-02,402,7,1
MOTS20-02,403,8,1
MOTS20-02,404,8,1
MOTS20-02,405,9,1
MOTS20-02,406,9,1
MOTS20-02,407,9,1
MOTS20-02,408,9,1
MOTS20-02,409,9,1
MOTS20-02,410,9,1
MOTS20-02,411,9,1
MOTS20-02,412,9,1
MOTS20-02,413,9,1
MOTS20-02,414,9,1
MOTS20-02,415,10,1
MOTS20-02,416,10,1
MOTS20-02,417,9,1
MOTS20-02,418,9,1
MOTS20-02,419,9,1
MOTS20-02,420,9,1
MOTS20-02,421,9,1
MOTS20-02,422,9,1
MOTS20-02,423,9,1
MOTS20-02,424,9,1
MOTS20-02,425,9,1
MOTS20-02,426,10,1
MOTS20-02,427,10,1
MOTS20-02,428,10,1
MOTS20-02,429,10,1
MOTS20-02,430,11,1
MOTS20-02,431,11,1
MOTS20-02,432,11,1
MOTS20-02,433,11,1
MOTS20-02,434,11,1
MOTS20-02,435,11,1
MOTS20-02,436,11,1
MOTS20-02,437,10,1
MOTS20-02,438,9,1
MOTS20-02,439,9,1
MOTS20-02,440,9,1
MOTS20-02,441,10,1
MOTS20-02,442,10,1
MOTS20-02,443,9,1
MOTS20-02,444,10,1
MOTS20-02,445,11,1
MOTS20-02,446,12,1
MOTS20-02,447,12,1
MOTS20-02,448,12,1
MOTS20-02,449,11,1
MOTS20-02,450,10,1
MOTS20-02,451,12,1
MOTS20-02,452,11,1
MOTS20-02,453,12,1
MOTS20-02,454,12,1
MOTS20-02,455,12,1
MOTS20-02,456,13,1
MOTS20-02,457,12,1
MOTS20-02,458,12,1
MOTS20-02,459,14,1
MOTS20-02,460,13,1
MOTS20-02,461,12,1
MOTS20-02,462,12,1
MOTS20-02,463,12,1
MOTS20-02,464,12,1
MOTS20-02,465,12,1
MOTS20-02,466,12,1
MOTS20-02,467,12,1
MOTS20-02,468,12,1
MOTS20-02,469,12,1
MOTS20-02,470,11,1
MOTS20-02,471,13,1
MOTS20-02,472,12,1
MOTS20-02,473,13,1
MOTS20-02,474,14,1
MOTS20-02,475,14,1
MOTS20-02,476,14,1
MOTS20-02,477,13,1
MOTS20-02,478,14,1
MOTS20-02,479,15,1
MOTS20-02,480,15,1
MOTS20-02,481,15,1
MOTS20-02,482,15,1
MOTS20-02,483,15,1
MOTS20-02,484,15,1
MOTS20-02,485,15,1
MOTS20-02,486,16,1
MOTS20-02,487,16,1
MOTS20-02,488,14,1
MOTS20-02,489,14,1
MOTS20-02,490,15,1
MOTS20-02,491,15,1
MOTS20-02,492,14,1
MOTS20-02,493,16,1
MOTS20-02,494,15,1
MOTS20-02,495,14,1
MOTS20-02,496,14,1
MOTS20-02,497,13,1
MOTS20-02,498,13,1
MOTS20-02,499,13,1
MOTS20-02,500,13,1
MOTS20-02,501,13,1
MOTS20-02,502,13,1
MOTS20-02,503,13,1
MOTS20-02,504,14,1
MOTS20-02,505,14,1
MOTS20-02,506,14,1
MOTS20-02,507,15,1
MOTS20-02,508,14,1
MOTS20-02,509,14,1
MOTS20-02,510,14,1
MOTS20-02,511,14,1
MOTS20-02,512,14,1
MOTS20-02,513,14,1
MOTS20-02,514,14,1
MOTS20-02,515,14,1
MOTS20-02,516,14,1
MOTS20-02,517,13,1
MOTS20-02,518,13,1
MOTS20-02,519,13,1
MOTS20-02,520,12,1
MOTS20-02,521,12,1
MOTS20-02,522,12,1
MOTS20-02,523,12,1
MOTS20-02,524,12,1
MOTS20-02,525,12,1
MOTS20-02,526,13,1
MOTS20-02,527,13,1
MOTS20-02,528,13,1
MOTS20-02,529,13,1
MOTS20-02,530,13,1
MOTS20-02,531,13,1
MOTS20-02,532,14,1
MOTS20-02,533,14,1
MOTS20-02,534,15,1
MOTS20-02,535,15,1
MOTS20-02,536,15,1
MOTS20-02,537,15,1
MOTS20-02,538,14,1
MOTS20-02,539,14,1
MOTS20-02,540,13,1
MOTS20-02,541,13,1
MOTS20-02,542,13,1
MOTS20-02,543,13,1
MOTS20-02,544,13,1
MOTS20-02,545,13,1
MOTS20-02,546,14,1
MOTS20-02,547,14,1
MOTS20-02,548,13,1
MOTS20-02,549,13,1
MOTS20-02,550,13,1
MOTS20-02,551,13,1
MOTS20-02,552,14,1
MOTS20-02,553,14,1
MOTS20-02,554,14,1
MOTS20-02,555,14,1
MOTS20-02,556,14,1
MOTS20-02,557,13,1
MOTS20-02,558,13,1
MOTS20-02,559,13,1
MOTS20-02,560,13,1
MOTS20-02,561,12,1
MOTS20-02,562,12,1
MOTS20-02,563,12,1
MOTS20-02,564,12,1
MOTS20-02,565,12,1
MOTS20-02,566,12,1
MOTS20-02,567,12,1
MOTS20-02,568,14,1
MOTS20-02,569,14,1
MOTS20-02,570,14,1
MOTS20-02,571,13,1
MOTS20-02,572,13,1
MOTS20-02,573,13,1
MOTS20-02,574,12,1
MOTS20-02,575,11,1
MOTS20-02,576,11,1
MOTS20-02,577,11,1
MOTS20-02,578,11,1
MOTS20-02,579,11,1
MOTS20-02,580,11,1
MOTS20-02,581,11,1
MOTS20-02,582,11,1
MOTS20-02,583,11,1
MOTS20-02,584,11,1
MOTS20-02,585,11,1
MOTS20-02,586,11,1
MOTS20-02,587,10,1
MOTS20-02,588,10,1
MOTS20-02,589,10,1
MOTS20-02,590,10,1
MOTS20-02,591,10,1
MOTS20-02,592,10,1
MOTS20-02,593,10,1
MOTS20-02,594,10,1
MOTS20-02,595,10,1
MOTS20-02,596,10,1
MOTS20-02,597,10,1
MOTS20-02,598,10,1
MOTS20-02,599,10,1
MOTS20-02,600,10,1
MOTS20-05,1,5,1
MOTS20-05,2,6,1
MOTS20-05,3,7,1
MOTS20-05,4,8,1
MOTS20-05,5,8,1
MOTS20-05,6,9,1
MOTS20-05,7,8,1
MOTS20-05,8,9,1
MOTS20-05,9,9,1
MOTS20-05,10,11,1
MOTS20-05,11,11,1
MOTS20-05,12,11,1
MOTS20-05,13,11,1
MOTS20-05,14,11,1
MOTS20-05,15,10,1
MOTS20-05,16,9,1
MOTS20-05,17,10,1
MOTS20-05,18,10,1
MOTS20-05,19,10,1
MOTS20-05,20,9,1
MOTS20-05,21,9,1
MOTS20-05,22,7,1
MOTS20-05,23,6,1
MOTS20-05,24,6,1
MOTS20-05,25,5,1
MOTS20-05,26,5,1
MOTS20-05,27,5,1
MOTS20-05,28,3,1
MOTS20-05,29,5,1
MOTS20-05,30,7,1
MOTS20-05,31,8,1
MOTS20-05,32,8,1
MOTS20-05,33,8,1
MOTS20-05,34,8,1
MOTS20-05,35,9,1
MOTS20-05,36,10,1
MOTS20-05,37,10,1
MOTS20-05,38,10,1
MOTS20-05,39,10,1
MOTS20-05,40,10,1
MOTS20-05,41,10,1
MOTS20-05,42,10,1
MOTS20-05,43,9,1
MOTS20-05,44,9,1
MOTS20-05,45,7,1
MOTS20-05,46,5,1
MOTS20-05,47,5,1
MOTS20-05,48,6,1
MOTS20-05,49,7,1
MOTS20-05,50,7,1
MOTS20-05,51,8,1
MOTS20-05,52,6,1
MOTS20-05,53,4,1
MOTS20-05,54,4,1
MOTS20-05,55,4,1
MOTS20-05,56,5,1
MOTS20-05,57,3,1
MOTS20-05,58,3,1
MOTS20-05,59,3,1
MOTS20-05,60,3,1
MOTS20-05,61,3,1
MOTS20-05,62,4,1
MOTS20-05,63,4,1
MOTS20-05,64,5,1
MOTS20-05,65,5,1
MOTS20-05,66,6,1
MOTS20-05,67,6,1
MOTS20-05,68,6,1
MOTS20-05,69,8,1
MOTS20-05,70,8,1
MOTS20-05,71,8,1
MOTS20-05,72,8,1
MOTS20-05,73,8,1
MOTS20-05,74,8,1
MOTS20-05,75,8,1
MOTS20-05,76,8,1
MOTS20-05,77,6,1
MOTS20-05,78,5,1
MOTS20-05,79,5,1
MOTS20-05,80,5,1
MOTS20-05,81,5,1
MOTS20-05,82,5,1
MOTS20-05,83,3,1
MOTS20-05,84,3,1
MOTS20-05,85,4,1
MOTS20-05,86,7,1
MOTS20-05,87,7,1
MOTS20-05,88,7,1
MOTS20-05,89,7,1
MOTS20-05,90,6,1
MOTS20-05,91,8,1
MOTS20-05,92,8,1
MOTS20-05,93,9,1
MOTS20-05,94,7,1
MOTS20-05,95,9,1
MOTS20-05,96,10,1
MOTS20-05,97,9,1
MOTS20-05,98,9,1
MOTS20-05,99,9,1
MOTS20-05,100,9,1
MOTS20-05,101,9,1
MOTS20-05,102,9,1
MOTS20-05,103,9,1
MOTS20-05,104,9,1
MOTS20-05,105,9,1
MOTS20-05,106,9,1
MOTS20-05,107,9,1
MOTS20-05,108,9,1
MOTS20-05,109,9,1
MOTS20-05,110,9,1
MOTS20-05,111,7,1
MOTS20-05,112,6,1
MOTS20-05,113,6,1
MOTS20-05,114,6,1
MOTS20-05,115,3,1
MOTS20-05,116,3,1
MOTS20-05,117,3,1
MOTS20-05,118,4,1
MOTS20-05,119,6,1
MOTS20-05,120,6,1
MOTS20-05,121,6,1
MOTS20-05,122,6,1
MOTS20-05,123,9,1
MOTS20-05,124,9,1
MOTS20-05,125,9,1
MOTS20-05,126,9,1
MOTS20-05,127,9,1
MOTS20-05,128,9,1
MOTS20-05,129,10,1
MOTS20-05,130,10,1
MOTS20-05,131,10,1
MOTS20-05,132,10,1
MOTS20-05,133,10,1
MOTS20-05,134,10,1
MOTS20-05,135,10,1
MOTS20-05,136,10,1
MOTS20-05,137,10,1
MOTS20-05,138,9,1
MOTS20-05,139,9,1
MOTS20-05,140,9,1
MOTS20-05,141,9,1
MOTS20-05,142,9,1
MOTS20-05,143,9,1
MOTS20-05,144,9,1
MOTS20-05,145,8,1
MOTS20-05,146,7,1
MOTS20-05,147,5,1
MOTS20-05,148,5,1
MOTS20-05,149,5,1
MOTS20-05,150,5,1
MOTS20-05,151,3,1
MOTS20-05,152,3,1
MOTS20-05,153,6,1
MOTS20-05,154,7,1
MOTS20-05,155,7,1
MOTS20-05,156,7,1
MOTS20-05,157,7,1
MOTS20-05,158,7,1
MOTS20-05,159,9,1
MOTS20-05,160,9,1
MOTS20-05,161,9,1
MOTS20-05,162,9,1
MOTS20-05,163,9,1
MOTS20-05,164,9,1
MOTS20-05,165,9,1
MOTS20-05,166,9,1
MOTS20-05,167,9,1
MOTS20-05,168,9,1
MOTS20-05,169,9,1
MOTS20-05,170,8,1
MOTS20-05,171,5,1
MOTS20-05,172,5,1
MOTS20-05,173,5,1
MOTS20-05,174,4,1
MOTS20-05,175,4,1
MOTS20-05,176,3,1
MOTS20-05,177,4,1
MOTS20-05,178,7,1
MOTS20-05,179,7,1
MOTS20-05,180,7,1
MOTS20-05,181,7,1
MOTS20-05,182,9,1
MOTS20-05,183,9,1
MOTS20-05,184,9,1
MOTS20-05,185,9,1
MOTS20-05,186,9,1
MOTS20-05,187,9,1
MOTS20-05,188,9,1
MOTS20-05,189,9,1
MOTS20-05,190,9,1
MOTS20-05,191,9,1
MOTS20-05,192,9,1
MOTS20-05,193,9,1
MOTS20-05,194,9,1
MOTS20-05,195,9,1
MOTS20-05,196,9,1
MOTS20-05,197,9,1
MOTS20-05,198,9,1
MOTS20-05,199,9,1
MOTS20-05,200,9,1
MOTS20-05,201,9,1
MOTS20-05,202,9,1
MOTS20-05,203,9,1
MOTS20-05,204,9,1
MOTS20-05,205,9,1
MOTS20-05,206,9,1
MOTS20-05,207,8,1
MOTS20-05,208,7,1
MOTS20-05,209,7,1
MOTS20-05,210,6,1
MOTS20-05,211,6,1
MOTS20-05,212,6,1
MOTS20-05,213,6,1
MOTS20-05,214,6,1
MOTS20-05,215,6,1
MOTS20-05,216,6,1
MOTS20-05,217,6,1
MOTS20-05,218,6,1
MOTS20-05,219,6,1
MOTS20-05,220,6,1
MOTS20-05,221,6,1
MOTS20-05,222,6,1
MOTS20-05,223,6,1
MOTS20-05,224,7,1
MOTS20-05,225,7,1
MOTS20-05,226,7,1
MOTS20-05,227,7,1
MOTS20-05,228,8,1
MOTS20-05,229,8,1
MOTS20-05,230,8,1
MOTS20-05,231,8,1
MOTS20-05,232,8,1
MOTS20-05,233,7,1
MOTS20-05,234,8,1
MOTS20-05,235,8,1
MOTS20-05,236,10,1
MOTS20-05,237,10,1
MOTS20-05,238,10,1
MOTS20-05,239,10,1
MOTS20-05,240,8,1
MOTS20-05,241,8,1
MOTS20-05,242,10,1
MOTS20-05,243,10,1
MOTS20-05,244,10,1
MOTS20-05,245,9,1
MOTS20-05,246,9,1
MOTS20-05,247,8,1
MOTS20-05,248,8,1
MOTS20-05,249,8,1
MOTS20-05,250,10,1
MOTS20-05,251,10,1
MOTS20-05,252,10,1
MOTS20-05,253,13,1
MOTS20-05,254,14,1
MOTS20-05,255,13,1
MOTS20-05,256,13,1
MOTS20-05,257,13,1
MOTS20-05,258,12,1
MOTS20-05,259,12,1
MOTS20-05,260,10,1
MOTS20-05,261,9,1
MOTS20-05,262,9,1
MOTS20-05,263,7,1
MOTS20-05,264,7,1
MOTS20-05,265,8,1
MOTS20-05,266,8,1
MOTS20-05,267,8,1
MOTS20-05,268,8,1
MOTS20-05,269,10,1
MOTS20-05,270,11,1
MOTS20-05,271,11,1
MOTS20-05,272,9,1
MOTS20-05,273,9,1
MOTS20-05,274,10,1
MOTS20-05,275,11,1
MOTS20-05,276,11,1
MOTS20-05,277,10,1
MOTS20-05,278,10,1
MOTS20-05,279,10,1
MOTS20-05,280,10,1
MOTS20-05,281,9,1
MOTS20-05,282,10,1
MOTS20-05,283,10,1
MOTS20-05,284,10,1
MOTS20-05,285,9,1
MOTS20-05,286,9,1
MOTS20-05,287,9,1
MOTS20-05,288,9,1
MOTS20-05,289,8,1
MOTS20-05,290,8,1
MOTS20-05,291,8,1
MOTS20-05,292,8,1
MOTS20-05,293,9,1
MOTS20-05,294,9,1
MOTS20-05,295,10,1
MOTS20-05,296,10,1
MOTS20-05,297,10,1
MOTS20-05,298,10,1
MOTS20-05,299,10,1
MOTS20-05,300,9,1
MOTS20-05,301,9,1
MOTS20-05,302,10,0
MOTS20-05,303,12,1
MOTS20-05,304,14,1
MOTS20-05,305,13,1
MOTS20-05,306,13,1
MOTS20-05,307,12,1
MOTS20-05,308,12,1
MOTS20-05,309,12,1
MOTS20-05,310,11,1
MOTS20-05,311,11,1
MOTS20-05,312,10,1
MOTS20-05,313,11,1
MOTS20-05,314,11,1
MOTS20-05,315,11,1
MOTS20-05,316,9,1
MOTS20-05,317,8,1
MOTS20-05,318,8,1
MOTS20-05,319,7,1
MOTS20-05,320,8,1
MOTS20-05,321,10,1
MOTS20-05,322,10,1
MOTS20-05,323,9,1
MOTS20-05,324,10,1
MOTS20-05,325,10,1
MOTS20-05,326,11,1
MOTS20-05,327,9,1
MOTS20-05,328,9,1
MOTS20-05,329,10,1
MOTS20-05,330,11,1
MOTS20-05,331,10,1
MOTS20-05,332,11,1
MOTS20-05,333,8,1
MOTS20-05,334,8,1
MOTS20-05,335,9,1
MOTS20-05,336,9,1
MOTS20-05,337,8,1
MOTS20-05,338,9,1
MOTS20-05,339,9,1
MOTS20-05,340,9,1
MOTS20-05,341,9,1
MOTS20-05,342,8,1
MOTS20-05,343,8,1
MOTS20-05,344,8,1
MOTS20-05,345,8,1
MOTS20-05,346,8,1
MOTS20-05,347,7,1
MOTS20-05,348,7,1
MOTS20-05,349,7,1
MOTS20-05,350,7,1
MOTS20-05,351,5,1
MOTS20-05,352,5,1
MOTS20-05,353,7,1
MOTS20-05,354,7,1
MOTS20-05,355,7,1
MOTS20-05,356,7,1
MOTS20-05,357,7,1
MOTS20-05,358,7,1
MOTS20-05,359,7,1
MOTS20-05,360,7,1
MOTS20-05,361,7,1
MOTS20-05,362,7,1
MOTS20-05,363,7,1
MOTS20-05,364,6,1
MOTS20-05,365,6,1
MOTS20-05,366,7,1
MOTS20-05,367,7,1
MOTS20-05,368,6,1
MOTS20-05,369,6,1
MOTS20-05,370,7,1
MOTS20-05,371,7,1
MOTS20-05,372,6,1
MOTS20-05,373,8,1
MOTS20-05,374,8,1
MOTS20-05,375,8,1
MOTS20-05,376,10,1
MOTS20-05,377,10,1
MOTS20-05,378,11,1
MOTS20-05,379,11,1
MOTS20-05,380,11,1
MOTS20-05,381,11,1
MOTS20-05,382,10,1
MOTS20-05,383,10,1
MOTS20-05,384,9,1
MOTS20-05,385,9,1
MOTS20-05,386,9,1
MOTS20-05,387,9,1
MOTS20-05,388,9,1
MOTS20-05,389,9,1
MOTS20-05,390,9,1
MOTS20-05,391,9,1
MOTS20-05,392,9,1
MOTS20-05,393,9,1
MOTS20-05,394,9,1
MOTS20-05,395,9,1
MOTS20-05,396,9,1
MOTS20-05,397,8,1
MOTS20-05,398,8,1
MOTS20-05,399,8,1
MOTS20-05,400,7,1
MOTS20-05,401,7,1
MOTS20-05,402,7,1
MOTS20-05,403,6,1
MOTS20-05,404,6,1
MOTS20-05,405,5,1
MOTS20-05,406,4,1
MOTS20-05,407,4,1
MOTS20-05,408,4,1
MOTS20-05,409,4,1
MOTS20-05,410,4,1
MOTS20-05,411,4,1
MOTS20-05,412,4,1
MOTS20-05,413,4,1
MOTS20-05,414,5,1
MOTS20-05,415,6,1
MOTS20-05,416,6,1
MOTS20-05,417,6,1
MOTS20-05,418,6,1
MOTS20-05,419,6,1
MOTS20-05,420,6,1
MOTS20-05,421,6,1
MOTS20-05,422,5,1
MOTS20-05,423,6,1
MOTS20-05,424,5,1
MOTS20-05,425,6,1
MOTS20-05,426,6,1
MOTS20-05,427,6,1
MOTS20-05,428,7,1
MOTS20-05,429,7,1
MOTS20-05,430,7,1
MOTS20-05,431,8,1
MOTS20-05,432,8,1
MOTS20-05,433,7,1
MOTS20-05,434,7,1
MOTS20-05,435,7,1
MOTS20-05,436,7,1
MOTS20-05,437,8,1
MOTS20-05,438,9,1
MOTS20-05,439,7,1
MOTS20-05,440,6,1
MOTS20-05,441,6,0
MOTS20-05,442,6,0
MOTS20-05,443,5,0
MOTS20-05,444,8,1
MOTS20-05,445,9,1
MOTS20-05,446,9,1
MOTS20-05,447,9,1
MOTS20-05,448,9,1
MOTS20-05,449,9,1
MOTS20-05,450,9,1
MOTS20-05,451,9,1
MOTS20-05,452,9,1
MOTS20-05,453,9,1
MOTS20-05,454,9,1
MOTS20-05,455,9,1
MOTS20-05,456,9,1
MOTS20-05,457,9,1
MOTS20-05,458,9,1
MOTS20-05,459,9,1
MOTS20-05,460,9,1
MOTS20-05,461,8,1
MOTS20-05,462,8,1
MOTS20-05,463,8,1
MOTS20-05,464,8,1
MOTS20-05,465,7,1
MOTS20-05,466,7,1
MOTS20-05,467,7,1
MOTS20-05,468,7,1
MOTS20-05,469,6,1
MOTS20-05,470,6,1
MOTS20-05,471,6,1
MOTS20-05,472,6,1
MOTS20-05,473,5,1
MOTS20-05,474,5,1
MOTS20-05,475,5,1
MOTS20-05,476,5,1
MOTS20-05,477,5,1
MOTS20-05,478,5,1
MOTS20-05,479,5,1
MOTS20-05,480,5,1
MOTS20-05,481,5,1
MOTS20-05,482,5,1
MOTS20-05,483,5,1
MOTS20-05,484,5,1
MOTS20-05,485,5,1
MOTS20-05,486,5,1
MOTS20-05,487,5,1
MOTS20-05,488,5,1
MOTS20-05,489,5,1
MOTS20-05,490,5,1
MOTS20-05,491,5,1
MOTS20-05,492,5,1
MOTS20-05,493,5,1
MOTS20-05,494,5,1
MOTS20-05,495,5,1
MOTS20-05,496,5,1
MOTS20-05,497,5,1
MOTS20-05,498,5,1
MOTS20-05,499,5,1
MOTS20-05,500,5,1
MOTS20-05,501,5,1
MOTS20-05,502,5,1
MOTS20-05,503,6,1
MOTS20-05,504,6,0
MOTS20-05,505,6,0
MOTS20-05,506,6,0
MOTS20-05,507,6,0
MOTS20-05,508,6,0
MOTS20-05,509,5,1
MOTS20-05,510,5,1
MOTS20-05,511,7,0
MOTS20-05,512,7,0
MOTS20-05,513,7,0
MOTS20-05,514,7,0
MOTS20-05,515,6,1
MOTS20-05,516,6,0
MOTS20-05,517,6,1
MOTS20-05,518,6,1
MOTS20-05,519,4,1
MOTS20-05,520,4,1
MOTS20-05,521,4,1
MOTS20-05,522,4,1
MOTS20-05,523,4,1
MOTS20-05,524,4,1
MOTS20-05,525,4,1
MOTS20-05,526,5,1
MOTS20-05,527,5,1
MOTS20-05,528,5,1
MOTS20-05,529,6,1
MOTS20-05,530,7,1
MOTS20-05,531,8,1
MOTS20-05,532,8,1
MOTS20-05,533,8,1
MOTS20-05,534,8,1
MOTS20-05,535,8,1
MOTS20-05,536,8,1
MOTS20-05,537,9,1
MOTS20-05,538,9,0
MOTS20-05,539,9,0
MOTS20-05,540,9,1
MOTS20-05,541,9,1
MOTS20-05,542,9,1
MOTS20-05,543,9,1
MOTS20-05,544,8,1
MOTS20-05,545,8,1
MOTS20-05,546,8,1
MOTS20-05,547,7,1
MOTS20-05,548,7,1
MOTS20-05,549,7,1
MOTS20-05,550,7,1
MOTS20-05,551,7,1
MOTS20-05,552,8,1
MOTS20-05,553,8,1
MOTS20-05,554,9,1
MOTS20-05,555,9,1
MOTS20-05,556,9,1
MOTS20-05,557,9,1
MOTS20-05,558,9,1
MOTS20-05,559,9,1
MOTS20-05,560,9,1
MOTS20-05,561,9,1
MOTS20-05,562,9,1
MOTS20-05,563,9,1
MOTS20-05,564,7,1
MOTS20-05,565,7,1
MOTS20-05,566,6,1
MOTS20-05,567,5,1
MOTS20-05,568,7,1
MOTS20-05,569,7,1
MOTS20-05,570,6,1
MOTS20-05,571,6,1
MOTS20-05,572,6,1
MOTS20-05,573,6,1
MOTS20-05,574,5,1
MOTS20-05,575,5,1
MOTS20-05,576,5,1
MOTS20-05,577,4,1
MOTS20-05,578,5,1
MOTS20-05,579,5,1
MOTS20-05,580,5,1
MOTS20-05,581,5,1
MOTS20-05,582,6,1
MOTS20-05,583,5,1
MOTS20-05,584,5,1
MOTS20-05,585,6,1
MOTS20-05,586,6,1
MOTS20-05,587,6,1
MOTS20-05,588,5,1
MOTS20-05,589,6,1
MOTS20-05,590,6,1
MOTS20-05,591,6,1
MOTS20-05,592,6,1
MOTS20-05,593,6,1
MOTS20-05,594,6,1
MOTS20-05,595,6,1
MOTS20-05,596,6,1
MOTS20-05,597,6,1
MOTS20-05,598,5,1
MOTS20-05,599,5,1
MOTS20-05,600,5,1
MOTS20-05,601,5,1
MOTS20-05,602,5,1
MOTS20-05,603,5,1
MOTS20-05,604,6,1
MOTS20-05,605,6,1
MOTS20-05,606,6,1
MOTS20-05,607,6,1
MOTS20-05,608,6,1
MOTS20-05,609,5,1
MOTS20-05,610,6,1
MOTS20-05,611,6,1
MOTS20-05,612,6,1
MOTS20-05,613,6,1
MOTS20-05,614,5,1
MOTS20-05,615,5,1
MOTS20-05,616,7,1
MOTS20-05,617,7,1
MOTS20-05,618,7,1
MOTS20-05,619,7,0
MOTS20-05,620,6,0
MOTS20-05,621,6,0
MOTS20-05,622,6,0
MOTS20-05,623,6,1
MOTS20-05,624,6,1
MOTS20-05,625,7,1
MOTS20-05,626,7,1
MOTS20-05,627,6,1
MOTS20-05,628,7,1
MOTS20-05,629,7,0
MOTS20-05,630,7,1
MOTS20-05,631,8,0
MOTS20-05,632,8,0
MOTS20-05,633,8,0
MOTS20-05,634,8,0
MOTS20-05,635,8,1
MOTS20-05,636,7,1
MOTS20-05,637,6,1
MOTS20-05,638,6,1
MOTS20-05,639,6,1
MOTS20-05,640,6,1
MOTS20-05,641,6,1
MOTS20-05,642,6,1
MOTS20-05,643,6,1
MOTS20-05,644,6,1
MOTS20-05,645,6,1
MOTS20-05,646,5,1
MOTS20-05,647,5,1
MOTS20-05,648,5,1
MOTS20-05,649,5,1
MOTS20-05,650,5,1
MOTS20-05,651,5,1
MOTS20-05,652,5,1
MOTS20-05,653,5,1
MOTS20-05,654,5,1
MOTS20-05,655,6,1
MOTS20-05,656,6,1
MOTS20-05,657,6,1
MOTS20-05,658,6,1
MOTS20-05,659,7,1
MOTS20-05,660,6,1
MOTS20-05,661,5,1
MOTS20-05,662,5,1
MOTS20-05,663,5,1
MOTS20-05,664,5,1
MOTS20-05,665,6,1
MOTS20-05,666,6,1
MOTS20-05,667,7,1
MOTS20-05,668,7,1
MOTS20-05,669,8,1
MOTS20-05,670,8,1
MOTS20-05,671,7,1
MOTS20-05,672,8,1
MOTS20-05,673,7,1
MOTS20-05,674,7,1
MOTS20-05,675,7,1
MOTS20-05,676,7,1
MOTS20-05,677,9,1
MOTS20-05,678,8,1
MOTS20-05,679,8,1
MOTS20-05,680,8,1
MOTS20-05,681,9,1
MOTS20-05,682,9,1
MOTS20-05,683,8,1
MOTS20-05,684,7,1
MOTS20-05,685,7,1
MOTS20-05,686,8,1
MOTS20-05,687,8,1
MOTS20-05,688,9,1
MOTS20-05,689,9,1
MOTS20-05,690,9,1
MOTS20-05,691,9,1
MOTS20-05,692,9,1
MOTS20-05,693,11,0
MOTS20-05,694,10,1
MOTS20-05,695,10,1
MOTS20-05,696,9,1
MOTS20-05,697,8,1
MOTS20-05,698,9,1
MOTS20-05,699,8,1
MOTS20-05,700,10,1
MOTS20-05,701,11,0
MOTS20-05,702,10,1
MOTS20-05,703,10,1
MOTS20-05,704,10,0
MOTS20-05,705,8,1
MOTS20-05,706,8,1
MOTS20-05,707,8,1
MOTS20-05,708,8,1
MOTS20-05,709,7,1
MOTS20-05,710,7,1
MOTS20-05,711,8,1
MOTS20-05,712,7,1
MOTS20-05,713,7,1
MOTS20-05,714,8,1
MOTS20-05,715,8,0
MOTS20-05,716,8,1
MOTS20-05,717,7,1
MOTS20-05,718,6,1
MOTS20-05,719,6,1
MOTS20-05,720,7,1
MOTS20-05,721,8,1
MOTS20-05,722,8,1
MOTS20-05,723,9,1
MOTS20-05,724,9,1
MOTS20-05,725,9,1
MOTS20-05,726,9,1
MOTS20-05,727,9,1
MOTS20-05,728,9,1
MOTS20-05,729,9,1
MOTS20-05,730,8,1
MOTS20-05,731,9,1
MOTS20-05,732,8,1
MOTS20-05,733,9,1
MOTS20-05,734,9,1
MOTS20-05,735,9,1
MOTS20-05,736,8,1
MOTS20-05,737,7,1
MOTS20-05,738,7,1
MOTS20-05,739,7,1
MOTS20-05,740,7,1
MOTS20-05,741,8,1
MOTS20-05,742,8,1
MOTS20-05,743,8,1
MOTS20-05,744,8,1
MOTS20-05,745,8,1
MOTS20-05,746,8,1
MOTS20-05,747,9,1
MOTS20-05,748,8,1
MOTS20-05,749,8,1
MOTS20-05,750,8,1
MOTS20-05,751,8,1
MOTS20-05,752,9,1
MOTS20-05,753,8,1
MOTS20-05,754,10,1
MOTS20-05,755,10,1
MOTS20-05,756,10,1
MOTS20-05,757,9,1
MOTS20-05,758,8,1
MOTS20-05,759,8,1
MOTS20-05,760,9,1
MOTS20-05,761,10,1
MOTS20-05,762,10,1
MOTS20-05,763,11,1
MOTS20-05,764,11,1
MOTS20-05,765,11,1
MOTS20-05,766,12,1
MOTS20-05,767,12,1
MOTS20-05,768,11,1
MOTS20-05,769,12,1
MOTS20-05,770,12,1
MOTS20-05,771,11,1
MOTS20-05,772,10,1
MOTS20-05,773,12,1
MOTS20-05,774,11,1
MOTS20-05,775,11,1
MOTS20-05,776,11,1
MOTS20-05,777,14,1
MOTS20-05,778,14,1
MOTS20-05,779,14,1
MOTS20-05,780,14,1
MOTS20-05,781,13,1
MOTS20-05,782,13,1
MOTS20-05,783,13,1
MOTS20-05,784,14,1
MOTS20-05,785,12,1
MOTS20-05,786,10,1
MOTS20-05,787,8,1
MOTS20-05,788,9,1
MOTS20-05,789,9,1
MOTS20-05,790,9,1
MOTS20-05,791,10,1
MOTS20-05,792,9,1
MOTS20-05,793,11,1
MOTS20-05,794,11,1
MOTS20-05,795,10,1
MOTS20-05,796,9,0
MOTS20-05,797,11,0
MOTS20-05,798,12,1
MOTS20-05,799,11,1
MOTS20-05,800,11,1
MOTS20-05,801,11,1
MOTS20-05,802,11,1
MOTS20-05,803,11,1
MOTS20-05,804,11,1
MOTS20-05,805,12,1
MOTS20-05,806,11,1
MOTS20-05,807,11,1
MOTS20-05,808,11,1
MOTS20-05,809,10,1
MOTS20-05,810,10,1
MOTS20-05,811,10,1
MOTS20-05,812,10,1
MOTS20-05,813,12,1
MOTS20-05,814,12,1
MOTS20-05,815,12,0
MOTS20-05,816,12,0
MOTS20-05,817,12,0
MOTS20-05,818,13,0
MOTS20-05,819,13,1
MOTS20-05,820,13,1
MOTS20-05,821,13,1
MOTS20-05,822,12,1
MOTS20-05,823,12,1
MOTS20-05,824,12,1
MOTS20-05,825,13,1
MOTS20-05,826,13,1
MOTS20-05,827,12,1
MOTS20-05,828,11,1
MOTS20-05,829,10,1
MOTS20-05,830,11,1
MOTS20-05,831,10,1
MOTS20-05,832,9,1
MOTS20-05,833,10,1
MOTS20-05,834,10,1
MOTS20-05,835,10,1
MOTS20-05,836,9,1
MOTS20-05,837,9,1
MOTS20-09,1,6,1
MOTS20-09,2,6,1
MOTS20-09,3,6,1
MOTS20-09,4,6,1
MOTS20-09,5,6,1
MOTS20-09,6,6,1
MOTS20-09,7,6,1
MOTS20-09,8,6,1
MOTS20-09,9,7,1
MOTS20-09,10,7,1
MOTS20-09,11,7,1
MOTS20-09,12,7,1
MOTS20-09,13,7,1
MOTS20-09,14,7,1
MOTS20-09,15,7,1
MOTS20-09,16,7,1
MOTS20-09,17,7,1
MOTS20-09,18,7,1
MOTS20-09,19,7,1
MOTS20-09,20,7,1
MOTS20-09,21,7,1
MOTS20-09,22,7,1
MOTS20-09,23,7,1
MOTS20-09,24,7,1
MOTS20-09,25,7,1
MOTS20-09,26,7,1
MOTS20-09,27,7,1
MOTS20-09,28,7,1
MOTS20-09,29,6,1
MOTS20-09,30,6,1
MOTS20-09,31,6,1
MOTS20-09,32,6,1
MOTS20-09,33,6,1
MOTS20-09,34,6,1
MOTS20-09,35,6,1
MOTS20-09,36,6,1
MOTS20-09,37,6,1
MOTS20-09,38,6,1
MOTS20-09,39,6,1
MOTS20-09,40,6,1
MOTS20-09,41,7,1
MOTS20-09,42,7,1
MOTS20-09,43,6,1
MOTS20-09,44,6,1
MOTS20-09,45,7,1
MOTS20-09,46,7,1
MOTS20-09,47,7,1
MOTS20-09,48,7,1
MOTS20-09,49,7,1
MOTS20-09,50,7,1
MOTS20-09,51,7,1
MOTS20-09,52,7,1
MOTS20-09,53,7,1
MOTS20-09,54,7,1
MOTS20-09,55,7,1
MOTS20-09,56,7,1
MOTS20-09,57,7,1
MOTS20-09,58,7,1
MOTS20-09,59,7,1
MOTS20-09,60,7,1
MOTS20-09,61,6,1
MOTS20-09,62,6,1
MOTS20-09,63,6,1
MOTS20-09,64,6,1
MOTS20-09,65,6,1
MOTS20-09,66,6,1
MOTS20-09,67,7,1
MOTS20-09,68,7,1
MOTS20-09,69,7,1
MOTS20-09,70,8,1
MOTS20-09,71,8,1
MOTS20-09,72,8,1
MOTS20-09,73,8,1
MOTS20-09,74,8,1
MOTS20-09,75,8,1
MOTS20-09,76,8,1
MOTS20-09,77,8,1
MOTS20-09,78,8,1
MOTS20-09,79,8,1
MOTS20-09,80,8,1
MOTS20-09,81,7,1
MOTS20-09,82,7,1
MOTS20-09,83,7,1
MOTS20-09,84,7,1
MOTS20-09,85,7,1
MOTS20-09,86,7,1
MOTS20-09,87,7,1
MOTS20-09,88,7,1
MOTS20-09,89,7,1
MOTS20-09,90,7,1
MOTS20-09,91,7,1
MOTS20-09,92,7,1
MOTS20-09,93,7,1
MOTS20-09,94,7,1
MOTS20-09,95,7,1
MOTS20-09,96,7,1
MOTS20-09,97,7,1
MOTS20-09,98,7,1
MOTS20-09,99,7,1
MOTS20-09,100,7,1
MOTS20-09,101,7,1
MOTS20-09,102,7,1
MOTS20-09,103,7,1
MOTS20-09,104,7,1
MOTS20-09,105,7,1
MOTS20-09,106,7,1
MOTS20-09,107,7,1
MOTS20-09,108,6,1
MOTS20-09,109,6,1
MOTS20-09,110,6,1
MOTS20-09,111,6,1
MOTS20-09,112,5,1
MOTS20-09,113,5,1
MOTS20-09,114,5,1
MOTS20-09,115,5,1
MOTS20-09,116,5,1
MOTS20-09,117,5,1
MOTS20-09,118,5,1
MOTS20-09,119,5,1
MOTS20-09,120,5,1
MOTS20-09,121,4,1
MOTS20-09,122,4,1
MOTS20-09,123,4,1
MOTS20-09,124,4,1
MOTS20-09,125,4,1
MOTS20-09,126,5,1
MOTS20-09,127,5,1
MOTS20-09,128,5,1
MOTS20-09,129,5,1
MOTS20-09,130,5,1
MOTS20-09,131,5,1
MOTS20-09,132,5,1
MOTS20-09,133,5,1
MOTS20-09,134,5,1
MOTS20-09,135,6,1
MOTS20-09,136,6,1
MOTS20-09,137,7,1
MOTS20-09,138,7,1
MOTS20-09,139,6,1
MOTS20-09,140,6,1
MOTS20-09,141,6,1
MOTS20-09,142,6,1
MOTS20-09,143,6,1
MOTS20-09,144,7,1
MOTS20-09,145,7,1
MOTS20-09,146,8,1
MOTS20-09,147,8,1
MOTS20-09,148,9,1
MOTS20-09,149,8,1
MOTS20-09,150,8,1
MOTS20-09,151,8,1
MOTS20-09,152,8,1
MOTS20-09,153,7,1
MOTS20-09,154,7,1
MOTS20-09,155,7,1
MOTS20-09,156,7,1
MOTS20-09,157,7,1
MOTS20-09,158,7,1
MOTS20-09,159,7,1
MOTS20-09,160,7,1
MOTS20-09,161,7,1
MOTS20-09,162,7,1
MOTS20-09,163,7,1
MOTS20-09,164,8,1
MOTS20-09,165,8,1
MOTS20-09,166,8,1
MOTS20-09,167,8,1
MOTS20-09,168,8,1
MOTS20-09,169,10,1
MOTS20-09,170,10,1
MOTS20-09,171,10,1
MOTS20-09,172,10,1
MOTS20-09,173,10,1
MOTS20-09,174,10,1
MOTS20-09,175,10,1
MOTS20-09,176,9,1
MOTS20-09,177,9,1
MOTS20-09,178,9,1
MOTS20-09,179,7,1
MOTS20-09,180,8,1
MOTS20-09,181,9,1
MOTS20-09,182,9,1
MOTS20-09,183,9,1
MOTS20-09,184,9,1
MOTS20-09,185,9,1
MOTS20-09,186,11,1
MOTS20-09,187,11,1
MOTS20-09,188,12,1
MOTS20-09,189,12,1
MOTS20-09,190,12,1
MOTS20-09,191,12,1
MOTS20-09,192,12,1
MOTS20-09,193,12,1
MOTS20-09,194,11,1
MOTS20-09,195,11,1
MOTS20-09,196,11,1
MOTS20-09,197,11,1
MOTS20-09,198,11,1
MOTS20-09,199,10,1
MOTS20-09,200,10,1
MOTS20-09,201,10,1
MOTS20-09,202,10,1
MOTS20-09,203,10,1
MOTS20-09,204,10,1
MOTS20-09,205,10,1
MOTS20-09,206,10,1
MOTS20-09,207,12,1
MOTS20-09,208,10,1
MOTS20-09,209,11,1
MOTS20-09,210,12,1
MOTS20-09,211,12,1
MOTS20-09,212,12,1
MOTS20-09,213,13,1
MOTS20-09,214,13,1
MOTS20-09,215,12,1
MOTS20-09,216,12,1
MOTS20-09,217,12,1
MOTS20-09,218,13,1
MOTS20-09,219,13,1
MOTS20-09,220,12,1
MOTS20-09,221,11,1
MOTS20-09,222,12,1
MOTS20-09,223,13,1
MOTS20-09,224,13,1
MOTS20-09,225,13,1
MOTS20-09,226,13,1
MOTS20-09,227,13,1
MOTS20-09,228,13,1
MOTS20-09,229,13,1
MOTS20-09,230,13,1
MOTS20-09,231,13,1
MOTS20-09,232,13,1
MOTS20-09,233,13,1
MOTS20-09,234,13,1
MOTS20-09,235,13,1
MOTS20-09,236,13,1
MOTS20-09,237,13,1
MOTS20-09,238,13,1
MOTS20-09,239,13,1
MOTS20-09,240,13,1
MOTS20-09,241,12,1
MOTS20-09,242,13,1
MOTS20-09,243,12,1
MOTS20-09,244,12,1
MOTS20-09,245,12,1
MOTS20-09,246,13,1
MOTS20-09,247,13,1
MOTS20-09,248,13,1
MOTS20-09,249,13,1
MOTS20-09,250,13,1
MOTS20-09,251,13,1
MOTS20-09,252,13,1
MOTS20-09,253,13,1
MOTS20-09,254,13,1
MOTS20-09,255,12,1
MOTS20-09,256,12,1
MOTS20-09,257,13,1
MOTS20-09,258,13,1
MOTS20-09,259,13,1
MOTS20-09,260,13,1
MOTS20-09,261,13,1
MOTS20-09,262,13,1
MOTS20-09,263,13,1
MOTS20-09,264,13,1
MOTS20-09,265,12,1
MOTS20-09,266,12,1
MOTS20-09,267,12,1
MOTS20-09,268,12,1
MOTS20-09,269,12,1
MOTS20-09,270,12,1
MOTS20-09,271,11,1
MOTS20-09,272,10,1
MOTS20-09,273,10,1
MOTS20-09,274,10,1
MOTS20-09,275,10,1
MOTS20-09,276,10,1
MOTS20-09,277,10,1
MOTS20-09,278,11,1
MOTS20-09,279,10,1
MOTS20-09,280,10,1
MOTS20-09,281,10,1
MOTS20-09,282,10,1
MOTS20-09,283,10,1
MOTS20-09,284,10,1
MOTS20-09,285,10,1
MOTS20-09,286,10,1
MOTS20-09,287,10,1
MOTS20-09,288,10,1
MOTS20-09,289,10,1
MOTS20-09,290,9,1
MOTS20-09,291,9,1
MOTS20-09,292,9,1
MOTS20-09,293,9,1
MOTS20-09,294,9,1
MOTS20-09,295,9,1
MOTS20-09,296,9,1
MOTS20-09,297,10,1
MOTS20-09,298,10,1
MOTS20-09,299,10,1
MOTS20-09,300,12,1
MOTS20-09,301,12,1
MOTS20-09,302,12,1
MOTS20-09,303,12,1
MOTS20-09,304,12,1
MOTS20-09,305,12,1
MOTS20-09,306,12,1
MOTS20-09,307,12,1
MOTS20-09,308,11,1
MOTS20-09,309,12,1
MOTS20-09,310,12,1
MOTS20-09,311,11,1
MOTS20-09,312,10,1
MOTS20-09,313,10,1
MOTS20-09,314,12,1
MOTS20-09,315,11,1
MOTS20-09,316,10,1
MOTS20-09,317,10,1
MOTS20-09,318,10,1
MOTS20-09,319,10,1
MOTS20-09,320,10,1
MOTS20-09,321,11,1
MOTS20-09,322,10,1
MOTS20-09,323,10,1
MOTS20-09,324,10,1
MOTS20-09,325,10,1
MOTS20-09,326,10,1
MOTS20-09,327,9,1
MOTS20-09,328,9,1
MOTS20-09,329,9,1
MOTS20-09,330,10,1
MOTS20-09,331,10,1
MOTS20-09,332,10,1
MOTS20-09,333,9,1
MOTS20-09,334,9,1
MOTS20-09,335,9,1
MOTS20-09,336,9,1
MOTS20-09,337,9,1
MOTS20-09,338,8,1
MOTS20-09,339,8,1
MOTS20-09,340,8,1
MOTS20-09,341,9,1
MOTS20-09,342,9,1
MOTS20-09,343,9,1
MOTS20-09,344,9,1
MOTS20-09,345,10,1
MOTS20-09,346,9,1
MOTS20-09,347,9,1
MOTS20-09,348,9,1
MOTS20-09,349,9,1
MOTS20-09,350,9,1
MOTS20-09,351,9,1
MOTS20-09,352,9,1
MOTS20-09,353,9,1
MOTS20-09,354,9,1
MOTS20-09,355,9,1
MOTS20-09,356,9,1
MOTS20-09,357,9,1
MOTS20-09,358,9,1
MOTS20-09,359,9,1
MOTS20-09,360,9,1
MOTS20-09,361,10,1
MOTS20-09,362,9,1
MOTS20-09,363,10,1
MOTS20-09,364,10,1
MOTS20-09,365,10,1
MOTS20-09,366,10,1
MOTS20-09,367,10,1
MOTS20-09,368,10,1
MOTS20-09,369,10,1
MOTS20-09,370,10,1
MOTS20-09,371,11,1
MOTS20-09,372,10,1
MOTS20-09,373,10,1
MOTS20-09,374,10,1
MOTS20-09,375,10,1
MOTS20-09,376,10,1
MOTS20-09,377,10,1
MOTS20-09,378,10,1
MOTS20-09,379,10,1
MOTS20-09,380,10,1
MOTS20-09,381,10,1
MOTS20-09,382,10,1
MOTS20-09,383,10,1
MOTS20-09,384,10,1
MOTS20-09,385,10,1
MOTS20-09,386,10,1
MOTS20-09,387,10,1
MOTS20-09,388,10,1
MOTS20-09,389,10,1
MOTS20-09,390,10,1
MOTS20-09,391,10,1
MOTS20-09,392,10,1
MOTS20-09,393,9,1
MOTS20-09,394,10,1
MOTS20-09,395,10,1
MOTS20-09,396,10,1
MOTS20-09,397,9,1
MOTS20-09,398,9,1
MOTS20-09,399,8,1
MOTS20-09,400,8,1
MOTS20-09,401,8,1
MOTS20-09,402,9,1
MOTS20-09,403,9,1
MOTS20-09,404,9,1
MOTS20-09,405,9,1
MOTS20-09,406,8,1
MOTS20-09,407,8,1
MOTS20-09,408,8,1
MOTS20-09,409,9,1
MOTS20-09,410,9,1
MOTS20-09,411,9,1
MOTS20-09,412,9,1
MOTS20-09,413,9,1
MOTS20-09,414,9,1
MOTS20-09,415,9,1
MOTS20-09,416,9,1
MOTS20-09,417,9,1
MOTS20-09,418,9,1
MOTS20-09,419,9,1
MOTS20-09,420,9,1
MOTS20-09,421,9,1
MOTS20-09,422,9,1
MOTS20-09,423,9,1
MOTS20-09,424,9,1
MOTS20-09,425,10,1
MOTS20-09,426,10,1
MOTS20-09,427,10,1
MOTS20-09,428,10,1
MOTS20-09,429,9,1
MOTS20-09,430,9,1
MOTS20-09,431,9,1
MOTS20-09,432,9,1
MOTS20-09,433,9,1
MOTS20-09,434,9,1
MOTS20-09,435,9,1
MOTS20-09,436,9,1
MOTS20-09,437,9,1
MOTS20-09,438,10,1
MOTS20-09,439,10,1
MOTS20-09,440,9,1
MOTS20-09,441,9,1
MOTS20-09,442,10,1
MOTS20-09,443,10,1
MOTS20-09,444,9,1
MOTS20-09,445,9,1
MOTS20-09,446,9,1
MOTS20-09,447,10,1
MOTS20-09,448,9,1
MOTS20-09,449,9,1
MOTS20-09,450,9,1
MOTS20-09,451,9,1
MOTS20-09,452,8,1
MOTS20-09,453,10,1
MOTS20-09,454,10,1
MOTS20-09,455,10,1
MOTS20-09,456,10,1
MOTS20-09,457,8,1
MOTS20-09,458,8,1
MOTS20-09,459,7,1
MOTS20-09,460,8,1
MOTS20-09,461,9,1
MOTS20-09,462,10,1
MOTS20-09,463,10,1
MOTS20-09,464,10,1
MOTS20-09,465,10,1
MOTS20-09,466,10,1
MOTS20-09,467,11,1
MOTS20-09,468,11,1
MOTS20-09,469,11,1
MOTS20-09,470,11,1
MOTS20-09,471,12,1
MOTS20-09,472,11,1
MOTS20-09,473,11,1
MOTS20-09,474,11,1
MOTS20-09,475,10,1
MOTS20-09,476,10,1
MOTS20-09,477,10,1
MOTS20-09,478,10,1
MOTS20-09,479,10,1
MOTS20-09,480,10,1
MOTS20-09,481,10,1
MOTS20-09,482,11,1
MOTS20-09,483,10,1
MOTS20-09,484,10,1
MOTS20-09,485,11,1
MOTS20-09,486,11,1
MOTS20-09,487,11,1
MOTS20-09,488,11,1
MOTS20-09,489,11,1
MOTS20-09,490,10,1
MOTS20-09,491,10,1
MOTS20-09,492,10,1
MOTS20-09,493,10,1
MOTS20-09,494,10,1
MOTS20-09,495,9,1
MOTS20-09,496,9,1
MOTS20-09,497,9,1
MOTS20-09,498,9,1
MOTS20-09,499,9,1
MOTS20-09,500,9,1
MOTS20-09,501,9,1
MOTS20-09,502,9,1
MOTS20-09,503,9,1
MOTS20-09,504,9,1
MOTS20-09,505,10,1
MOTS20-09,506,10,1
MOTS20-09,507,10,1
MOTS20-09,508,10,1
MOTS20-09,509,10,1
MOTS20-09,510,9,1
MOTS20-09,511,9,1
MOTS20-09,512,10,1
MOTS20-09,513,10,1
MOTS20-09,514,10,1
MOTS20-09,515,10,1
MOTS20-09,516,10,1
MOTS20-09,517,10,1
MOTS20-09,518,10,1
MOTS20-09,519,9,1
MOTS20-09,520,9,1
MOTS20-09,521,10,1
MOTS20-09,522,10,1
MOTS20-09,523,10,1
MOTS20-09,524,10,1
MOTS20-09,525,10,1
MOTS20-11,1,14,1
MOTS20-11,2,14,1
MOTS20-11,3,14,1
MOTS20-11,4,14,1
MOTS20-11,5,14,1
MOTS20-11,6,14,1
MOTS20-11,7,14,1
MOTS20-11,8,14,1
MOTS20-11,9,14,1
MOTS20-11,10,14,1
MOTS20-11,11,14,1
MOTS20-11,12,14,1
MOTS20-11,13,14,1
MOTS20-11,14,16,1
MOTS20-11,15,16,1
MOTS20-11,16,16,1
MOTS20-11,17,14,1
MOTS20-11,18,14,1
MOTS20-11,19,11,1
MOTS20-11,20,11,1
MOTS20-11,21,10,1
MOTS20-11,22,12,1
MOTS20-11,23,13,1
MOTS20-11,24,11,1
MOTS20-11,25,11,1
MOTS20-11,26,12,1
MOTS20-11,27,12,1
MOTS20-11,28,12,1
MOTS20-11,29,12,1
MOTS20-11,30,12,1
MOTS20-11,31,12,1
MOTS20-11,32,12,1
MOTS20-11,33,12,1
MOTS20-11,34,12,1
MOTS20-11,35,11,1
MOTS20-11,36,11,1
MOTS20-11,37,11,1
MOTS20-11,38,11,1
MOTS20-11,39,11,1
MOTS20-11,40,11,1
MOTS20-11,41,11,1
MOTS20-11,42,12,1
MOTS20-11,43,12,1
MOTS20-11,44,12,1
MOTS20-11,45,12,1
MOTS20-11,46,10,1
MOTS20-11,47,12,1
MOTS20-11,48,12,1
MOTS20-11,49,12,1
MOTS20-11,50,12,1
MOTS20-11,51,12,1
MOTS20-11,52,12,1
MOTS20-11,53,12,1
MOTS20-11,54,11,1
MOTS20-11,55,11,1
MOTS20-11,56,12,1
MOTS20-11,57,11,1
MOTS20-11,58,10,1
MOTS20-11,59,10,1
MOTS20-11,60,11,1
MOTS20-11,61,11,1
MOTS20-11,62,11,1
MOTS20-11,63,11,1
MOTS20-11,64,11,1
MOTS20-11,65,11,1
MOTS20-11,66,11,1
MOTS20-11,67,11,1
MOTS20-11,68,11,1
MOTS20-11,69,11,1
MOTS20-11,70,11,1
MOTS20-11,71,11,1
MOTS20-11,72,11,1
MOTS20-11,73,11,1
MOTS20-11,74,11,1
MOTS20-11,75,11,1
MOTS20-11,76,11,1
MOTS20-11,77,11,1
MOTS20-11,78,10,1
MOTS20-11,79,10,1
MOTS20-11,80,10,1
MOTS20-11,81,11,1
MOTS20-11,82,10,1
MOTS20-11,83,10,1
MOTS20-11,84,10,1
MOTS20-11,85,11,1
MOTS20-11,86,11,1
MOTS20-11,87,10,1
MOTS20-11,88,11,1
MOTS20-11,89,11,1
MOTS20-11,90,12,1
MOTS20-11,91,13,1
MOTS20-11,92,13,1
MOTS20-11,93,13,1
MOTS20-11,94,13,1
MOTS20-11,95,13,1
MOTS20-11,96,13,1
MOTS20-11,97,13,1
MOTS20-11,98,13,1
MOTS20-11,99,13,1
MOTS20-11,100,12,1
MOTS20-11,101,11,1
MOTS20-11,102,10,1
MOTS20-11,103,10,1
MOTS20-11,104,9,1
MOTS20-11,105,10,1
MOTS20-11,106,11,1
MOTS20-11,107,10,1
MOTS20-11,108,11,1
MOTS20-11,109,11,1
MOTS20-11,110,11,1
MOTS20-11,111,11,1
MOTS20-11,112,11,1
MOTS20-11,113,11,1
MOTS20-11,114,11,1
MOTS20-11,115,11,1
MOTS20-11,116,11,1
MOTS20-11,117,11,1
MOTS20-11,118,11,1
MOTS20-11,119,11,1
MOTS20-11,120,11,1
MOTS20-11,121,11,1
MOTS20-11,122,11,1
MOTS20-11,123,12,1
MOTS20-11,124,12,1
MOTS20-11,125,12,1
MOTS20-11,126,12,1
MOTS20-11,127,12,1
MOTS20-11,128,11,1
MOTS20-11,129,11,1
MOTS20-11,130,11,1
MOTS20-11,131,11,1
MOTS20-11,132,11,1
MOTS20-11,133,11,1
MOTS20-11,134,11,1
MOTS20-11,135,11,1
MOTS20-11,136,11,1
MOTS20-11,137,11,1
MOTS20-11,138,11,1
MOTS20-11,139,11,1
MOTS20-11,140,11,1
MOTS20-11,141,11,1
MOTS20-11,142,11,1
MOTS20-11,143,11,1
MOTS20-11,144,10,1
MOTS20-11,145,10,1
MOTS20-11,146,10,1
MOTS20-11,147,10,1
MOTS20-11,148,10,1
MOTS20-11,149,10,1
MOTS20-11,150,10,1
MOTS20-11,151,9,1
MOTS20-11,152,9,1
MOTS20-11,153,9,1
MOTS20-11,154,9,1
MOTS20-11,155,9,1
MOTS20-11,156,9,1
MOTS20-11,157,9,1
MOTS20-11,158,9,1
MOTS20-11,159,9,1
MOTS20-11,160,9,1
MOTS20-11,161,8,1
MOTS20-11,162,8,1
MOTS20-11,163,8,1
MOTS20-11,164,8,1
MOTS20-11,165,8,1
MOTS20-11,166,8,1
MOTS20-11,167,8,1
MOTS20-11,168,8,1
MOTS20-11,169,8,1
MOTS20-11,170,8,1
MOTS20-11,171,8,1
MOTS20-11,172,9,1
MOTS20-11,173,9,1
MOTS20-11,174,9,1
MOTS20-11,175,9,1
MOTS20-11,176,9,1
MOTS20-11,177,9,1
MOTS20-11,178,9,1
MOTS20-11,179,9,1
MOTS20-11,180,9,1
MOTS20-11,181,9,1
MOTS20-11,182,9,1
MOTS20-11,183,9,1
MOTS20-11,184,8,1
MOTS20-11,185,8,1
MOTS20-11,186,9,1
MOTS20-11,187,8,1
MOTS20-11,188,8,1
MOTS20-11,189,8,1
MOTS20-11,190,8,1
MOTS20-11,191,8,1
MOTS20-11,192,10,1
MOTS20-11,193,10,1
MOTS20-11,194,10,1
MOTS20-11,195,10,1
MOTS20-11,196,10,1
MOTS20-11,197,10,1
MOTS20-11,198,10,1
MOTS20-11,199,10,1
MOTS20-11,200,10,1
MOTS20-11,201,10,1
MOTS20-11,202,10,1
MOTS20-11,203,10,1
MOTS20-11,204,10,1
MOTS20-11,205,10,1
MOTS20-11,206,10,1
MOTS20-11,207,10,1
MOTS20-11,208,10,1
MOTS20-11,209,10,1
MOTS20-11,210,10,1
MOTS20-11,211,10,1
MOTS20-11,212,10,1
MOTS20-11,213,10,1
MOTS20-11,214,10,1
MOTS20-11,215,10,1
MOTS20-11,216,10,1
MOTS20-11,217,10,1
MOTS20-11,218,10,1
MOTS20-11,219,10,1
MOTS20-11,220,10,1
MOTS20-11,221,10,1
MOTS20-11,222,10,1
MOTS20-11,223,9,1
MOTS20-11,224,9,1
MOTS20-11,225,9,1
MOTS20-11,226,9,1
MOTS20-11,227,9,1
MOTS20-11,228,9,1
MOTS20-11,229,9,1
MOTS20-11,230,9,1
MOTS20-11,231,9,1
MOTS20-11,232,9,1
MOTS20-11,233,9,1
MOTS20-11,234,9,1
MOTS20-11,235,9,1
MOTS20-11,236,9,1
MOTS20-11,237,9,1
MOTS20-11,238,9,1
MOTS20-11,239,10,1
MOTS20-11,240,10,1
MOTS20-11,241,10,1
MOTS20-11,242,10,1
MOTS20-11,243,10,1
MOTS20-11,244,10,1
MOTS20-11,245,10,1
MOTS20-11,246,10,1
MOTS20-11,247,10,1
MOTS20-11,248,11,1
MOTS20-11,249,12,1
MOTS20-11,250,12,1
MOTS20-11,251,12,1
MOTS20-11,252,11,1
MOTS20-11,253,11,1
MOTS20-11,254,11,1
MOTS20-11,255,11,1
MOTS20-11,256,11,1
MOTS20-11,257,10,1
MOTS20-11,258,10,1
MOTS20-11,259,10,1
MOTS20-11,260,10,1
MOTS20-11,261,10,1
MOTS20-11,262,10,1
MOTS20-11,263,10,1
MOTS20-11,264,10,1
MOTS20-11,265,10,1
MOTS20-11,266,10,1
MOTS20-11,267,10,1
MOTS20-11,268,10,1
MOTS20-11,269,9,1
MOTS20-11,270,9,1
MOTS20-11,271,10,1
MOTS20-11,272,9,1
MOTS20-11,273,9,1
MOTS20-11,274,9,1
MOTS20-11,275,9,1
MOTS20-11,276,9,1
MOTS20-11,277,9,1
MOTS20-11,278,9,1
MOTS20-11,279,9,1
MOTS20-11,280,9,1
MOTS20-11,281,9,1
MOTS20-11,282,9,1
MOTS20-11,283,8,1
MOTS20-11,284,8,1
MOTS20-11,285,8,1
MOTS20-11,286,8,1
MOTS20-11,287,8,1
MOTS20-11,288,8,1
MOTS20-11,289,8,1
MOTS20-11,290,8,1
MOTS20-11,291,8,1
MOTS20-11,292,8,1
MOTS20-11,293,8,1
MOTS20-11,294,8,1
MOTS20-11,295,8,1
MOTS20-11,296,8,1
MOTS20-11,297,8,1
MOTS20-11,298,8,1
MOTS20-11,299,8,1
MOTS20-11,300,9,1
MOTS20-11,301,10,1
MOTS20-11,302,10,1
MOTS20-11,303,10,1
MOTS20-11,304,10,1
MOTS20-11,305,11,1
MOTS20-11,306,11,1
MOTS20-11,307,11,1
MOTS20-11,308,11,1
MOTS20-11,309,10,1
MOTS20-11,310,10,1
MOTS20-11,311,11,1
MOTS20-11,312,10,1
MOTS20-11,313,10,1
MOTS20-11,314,10,1
MOTS20-11,315,10,1
MOTS20-11,316,10,1
MOTS20-11,317,10,1
MOTS20-11,318,10,1
MOTS20-11,319,9,1
MOTS20-11,320,9,1
MOTS20-11,321,9,1
MOTS20-11,322,9,1
MOTS20-11,323,9,1
MOTS20-11,324,9,1
MOTS20-11,325,9,1
MOTS20-11,326,9,1
MOTS20-11,327,8,1
MOTS20-11,328,9,1
MOTS20-11,329,9,1
MOTS20-11,330,9,1
MOTS20-11,331,10,1
MOTS20-11,332,8,1
MOTS20-11,333,9,1
MOTS20-11,334,9,1
MOTS20-11,335,9,1
MOTS20-11,336,7,1
MOTS20-11,337,7,1
MOTS20-11,338,7,1
MOTS20-11,339,7,1
MOTS20-11,340,7,1
MOTS20-11,341,7,1
MOTS20-11,342,7,1
MOTS20-11,343,7,1
MOTS20-11,344,7,1
MOTS20-11,345,7,1
MOTS20-11,346,7,1
MOTS20-11,347,7,1
MOTS20-11,348,6,1
MOTS20-11,349,6,1
MOTS20-11,350,6,1
MOTS20-11,351,6,1
MOTS20-11,352,6,1
MOTS20-11,353,6,1
MOTS20-11,354,6,1
MOTS20-11,355,6,1
MOTS20-11,356,6,1
MOTS20-11,357,6,1
MOTS20-11,358,6,1
MOTS20-11,359,6,1
MOTS20-11,360,6,1
MOTS20-11,361,6,1
MOTS20-11,362,6,1
MOTS20-11,363,6,1
MOTS20-11,364,6,1
MOTS20-11,365,6,1
MOTS20-11,366,6,1
MOTS20-11,367,6,1
MOTS20-11,368,6,1
MOTS20-11,369,7,1
MOTS20-11,370,7,1
MOTS20-11,371,7,1
MOTS20-11,372,7,1
MOTS20-11,373,7,1
MOTS20-11,374,7,1
MOTS20-11,375,7,1
MOTS20-11,376,7,1
MOTS20-11,377,7,1
MOTS20-11,378,8,1
MOTS20-11,379,8,1
MOTS20-11,380,8,1
MOTS20-11,381,8,1
MOTS20-11,382,8,1
MOTS20-11,383,8,1
MOTS20-11,384,8,1
MOTS20-11,385,8,1
MOTS20-11,386,8,1
MOTS20-11,387,8,1
MOTS20-11,388,8,1
MOTS20-11,389,8,1
MOTS20-11,390,8,1
MOTS20-11,391,8,1
MOTS20-11,392,8,1
MOTS20-11,393,8,1
MOTS20-11,394,8,1
MOTS20-11,395,8,1
MOTS20-11,396,8,1
MOTS20-11,397,8,1
MOTS20-11,398,8,1
MOTS20-11,399,8,1
MOTS20-11,400,8,1
MOTS20-11,401,8,1
MOTS20-11,402,8,1
MOTS20-11,403,8,1
MOTS20-11,404,8,1
MOTS20-11,405,8,1
MOTS20-11,406,8,1
MOTS20-11,407,8,1
MOTS20-11,408,8,1
MOTS20-11,409,8,1
MOTS20-11,410,8,1
MOTS20-11,411,8,1
MOTS20-11,412,8,1
MOTS20-11,413,8,1
MOTS20-11,414,8,1
MOTS20-11,415,8,1
MOTS20-11,416,8,1
MOTS20-11,417,9,1
MOTS20-11,418,9,1
MOTS20-11,419,9,1
MOTS20-11,420,8,1
MOTS20-11,421,8,1
MOTS20-11,422,8,1
MOTS20-11,423,8,1
MOTS20-11,424,8,1
MOTS20-11,425,9,1
MOTS20-11,426,9,1
MOTS20-11,427,10,1
MOTS20-11,428,11,1
MOTS20-11,429,11,1
MOTS20-11,430,11,1
MOTS20-11,431,11,1
MOTS20-11,432,11,1
MOTS20-11,433,11,1
MOTS20-11,434,11,1
MOTS20-11,435,11,1
MOTS20-11,436,11,1
MOTS20-11,437,11,1
MOTS20-11,438,11,1
MOTS20-11,439,11,1
MOTS20-11,440,11,1
MOTS20-11,441,11,1
MOTS20-11,442,11,1
MOTS20-11,443,10,1
MOTS20-11,444,10,1
MOTS20-11,445,10,1
MOTS20-11,446,10,1
MOTS20-11,447,10,1
MOTS20-11,448,10,1
MOTS20-11,449,9,1
MOTS20-11,450,9,1
MOTS20-11,451,9,1
MOTS20-11,452,9,1
MOTS20-11,453,9,1
MOTS20-11,454,9,1
MOTS20-11,455,9,1
MOTS20-11,456,9,1
MOTS20-11,457,9,1
MOTS20-11,458,9,1
MOTS20-11,459,9,1
MOTS20-11,460,9,1
MOTS20-11,461,9,1
MOTS20-11,462,9,1
MOTS20-11,463,8,1
MOTS20-11,464,8,1
MOTS20-11,465,8,1
MOTS20-11,466,8,1
MOTS20-11,467,8,1
MOTS20-11,468,8,1
MOTS20-11,469,8,1
MOTS20-11,470,8,1
MOTS20-11,471,8,1
MOTS20-11,472,8,1
MOTS20-11,473,9,1
MOTS20-11,474,8,1
MOTS20-11,475,8,1
MOTS20-11,476,8,1
MOTS20-11,477,8,1
MOTS20-11,478,8,1
MOTS20-11,479,8,1
MOTS20-11,480,8,1
MOTS20-11,481,8,1
MOTS20-11,482,8,1
MOTS20-11,483,8,1
MOTS20-11,484,8,1
MOTS20-11,485,9,1
MOTS20-11,486,9,1
MOTS20-11,487,10,1
MOTS20-11,488,10,1
MOTS20-11,489,10,1
MOTS20-11,490,10,1
MOTS20-11,491,10,1
MOTS20-11,492,10,1
MOTS20-11,493,10,1
MOTS20-11,494,10,1
MOTS20-11,495,10,1
MOTS20-11,496,10,1
MOTS20-11,497,10,1
MOTS20-11,498,10,1
MOTS20-11,499,10,1
MOTS20-11,500,10,1
MOTS20-11,501,10,1
MOTS20-11,502,10,1
MOTS20-11,503,10,1
MOTS20-11,504,10,1
MOTS20-11,505,10,1
MOTS20-11,506,10,1
MOTS20-11,507,10,1
MOTS20-11,508,10,1
MOTS20-11,509,10,1
MOTS20-11,510,10,1
MOTS20-11,511,8,1
MOTS20-11,512,8,1
MOTS20-11,513,8,1
MOTS20-11,514,8,1
MOTS20-11,515,8,1
MOTS20-11,516,8,1
MOTS20-11,517,8,1
MOTS20-11,518,8,1
MOTS20-11,519,8,1
MOTS20-11,520,8,1
MOTS20-11,521,8,1
MOTS20-11,522,8,1
MOTS20-11,523,8,1
MOTS20-11,524,8,1
MOTS20-11,525,8,1
MOTS20-11,526,8,1
MOTS20-11,527,7,1
MOTS20-11,528,8,1
MOTS20-11,529,9,1
MOTS20-11,530,10,1
MOTS20-11,531,9,1
MOTS20-11,532,10,1
MOTS20-11,533,10,1
MOTS20-11,534,10,1
MOTS20-11,535,10,1
MOTS20-11,536,10,1
MOTS20-11,537,10,1
MOTS20-11,538,10,1
MOTS20-11,539,10,1
MOTS20-11,540,10,1
MOTS20-11,541,9,1
MOTS20-11,542,9,1
MOTS20-11,543,9,1
MOTS20-11,544,9,1
MOTS20-11,545,9,1
MOTS20-11,546,10,1
MOTS20-11,547,10,1
MOTS20-11,548,10,1
MOTS20-11,549,10,1
MOTS20-11,550,10,1
MOTS20-11,551,10,1
MOTS20-11,552,9,1
MOTS20-11,553,8,1
MOTS20-11,554,8,1
MOTS20-11,555,8,1
MOTS20-11,556,9,1
MOTS20-11,557,8,1
MOTS20-11,558,8,1
MOTS20-11,559,8,1
MOTS20-11,560,8,1
MOTS20-11,561,8,1
MOTS20-11,562,8,1
MOTS20-11,563,8,1
MOTS20-11,564,8,1
MOTS20-11,565,8,1
MOTS20-11,566,8,1
MOTS20-11,567,8,1
MOTS20-11,568,8,1
MOTS20-11,569,9,1
MOTS20-11,570,8,1
MOTS20-11,571,9,1
MOTS20-11,572,8,1
MOTS20-11,573,8,1
MOTS20-11,574,8,1
MOTS20-11,575,8,1
MOTS20-11,576,8,1
MOTS20-11,577,8,1
MOTS20-11,578,8,1
MOTS20-11,579,8,1
MOTS20-11,580,8,1
MOTS20-11,581,8,1
MOTS20-11,582,8,1
MOTS20-11,583,8,1
MOTS20-11,584,8,1
MOTS20-11,585,8,1
MOTS20-11,586,8,1
MOTS20-11,587,8,1
MOTS20-11,588,8,1
MOTS20-11,589,9,1
MOTS20-11,590,9,1
MOTS20-11,591,9,1
MOTS20-11,592,9,1
MOTS20-11,593,10,1
MOTS20-11,594,10,1
MOTS20-11,595,10,1
MOTS20-11,596,10,1
MOTS20-11,597,9,1
MOTS20-11,598,10,1
MOTS20-11,599,11,1
MOTS20-11,600,11,1
MOTS20-11,601,11,1
MOTS20-11,602,11,1
MOTS20-11,603,11,1
MOTS20-11,604,10,1
MOTS20-11,605,10,1
MOTS20-11,606,10,1
MOTS20-11,607,10,1
MOTS20-11,608,10,1
MOTS20-11,609,10,1
MOTS20-11,610,9,1
MOTS20-11,611,11,1
MOTS20-11,612,10,1
MOTS20-11,613,10,1
MOTS20-11,614,10,1
MOTS20-11,615,10,1
MOTS20-11,616,10,1
MOTS20-11,617,10,1
MOTS20-11,618,10,1
MOTS20-11,619,10,1
MOTS20-11,620,10,1
MOTS20-11,621,10,1
MOTS20-11,622,10,1
MOTS20-11,623,10,1
MOTS20-11,624,10,1
MOTS20-11,625,10,1
MOTS20-11,626,10,1
MOTS20-11,627,11,1
MOTS20-11,628,11,1
MOTS20-11,629,11,1
MOTS20-11,630,11,1
MOTS20-11,631,11,1
MOTS20-11,632,10,1
MOTS20-11,633,10,1
MOTS20-11,634,10,1
MOTS20-11,635,10,1
MOTS20-11,636,10,1
MOTS20-11,637,10,1
MOTS20-11,638,10,1
MOTS20-11,639,10,1
MOTS20-11,640,10,1
MOTS20-11,641,10,1
MOTS20-11,642,10,1
MOTS20-11,643,10,1
MOTS20-11,644,10,1
MOTS20-11,645,10,1
MOTS20-11,646,10,1
MOTS20-11,647,10,1
MOTS20-11,648,10,1
MOTS20-11,649,10,1
MOTS20-11,650,10,1
MOTS20-11,651,10,1
MOTS20-11,652,10,1
MOTS20-11,653,10,1
MOTS20-11,654,10,1
MOTS20-11,655,10,1
MOTS20-11,656,10,1
MOTS20-11,657,10,1
MOTS20-11,658,10,1
MOTS20-11,659,10,1
MOTS20-11,660,10,1
MOTS20-11,661,10,1
MOTS20-11,662,10,1
MOTS20-11,663,10,1
MOTS20-11,664,10,1
MOTS20-11,665,10,1
MOTS20-11,666,10,1
MOTS20-11,667,10,1
MOTS20-11,668,9,1
MOTS20-11,669,9,1
MOTS20-11,670,9,1
MOTS20-11,671,9,1
MOTS20-11,672,9,1
MOTS20-11,673,9,1
MOTS20-11,674,9,1
MOTS20-11,675,9,1
MOTS20-11,676,9,1
MOTS20-11,677,9,1
MOTS20-11,678,10,1
MOTS20-11,679,9,1
MOTS20-11,680,10,1
MOTS20-11,681,10,1
MOTS20-11,682,9,1
MOTS20-11,683,9,1
MOTS20-11,684,9,1
MOTS20-11,685,10,1
MOTS20-11,686,10,1
MOTS20-11,687,9,1
MOTS20-11,688,9,1
MOTS20-11,689,9,1
MOTS20-11,690,10,1
MOTS20-11,691,10,1
MOTS20-11,692,9,1
MOTS20-11,693,9,1
MOTS20-11,694,9,1
MOTS20-11,695,9,1
MOTS20-11,696,9,1
MOTS20-11,697,9,1
MOTS20-11,698,9,1
MOTS20-11,699,9,1
MOTS20-11,700,9,1
MOTS20-11,701,9,1
MOTS20-11,702,8,1
MOTS20-11,703,8,1
MOTS20-11,704,8,1
MOTS20-11,705,8,1
MOTS20-11,706,9,1
MOTS20-11,707,8,1
MOTS20-11,708,8,1
MOTS20-11,709,8,1
MOTS20-11,710,9,1
MOTS20-11,711,9,1
MOTS20-11,712,9,1
MOTS20-11,713,8,1
MOTS20-11,714,7,1
MOTS20-11,715,7,1
MOTS20-11,716,8,1
MOTS20-11,717,8,1
MOTS20-11,718,8,1
MOTS20-11,719,7,1
MOTS20-11,720,7,1
MOTS20-11,721,7,1
MOTS20-11,722,7,1
MOTS20-11,723,7,1
MOTS20-11,724,6,1
MOTS20-11,725,7,1
MOTS20-11,726,7,1
MOTS20-11,727,7,1
MOTS20-11,728,7,1
MOTS20-11,729,7,1
MOTS20-11,730,5,1
MOTS20-11,731,5,1
MOTS20-11,732,8,1
MOTS20-11,733,8,1
MOTS20-11,734,7,1
MOTS20-11,735,7,1
MOTS20-11,736,8,1
MOTS20-11,737,8,1
MOTS20-11,738,8,1
MOTS20-11,739,8,1
MOTS20-11,740,8,1
MOTS20-11,741,9,1
MOTS20-11,742,9,1
MOTS20-11,743,10,1
MOTS20-11,744,8,1
MOTS20-11,745,9,1
MOTS20-11,746,10,1
MOTS20-11,747,10,1
MOTS20-11,748,10,1
MOTS20-11,749,10,1
MOTS20-11,750,10,1
MOTS20-11,751,9,1
MOTS20-11,752,9,1
MOTS20-11,753,8,1
MOTS20-11,754,9,1
MOTS20-11,755,7,1
MOTS20-11,756,7,1
MOTS20-11,757,7,1
MOTS20-11,758,7,1
MOTS20-11,759,8,1
MOTS20-11,760,8,1
MOTS20-11,761,6,1
MOTS20-11,762,7,1
MOTS20-11,763,7,1
MOTS20-11,764,7,1
MOTS20-11,765,7,1
MOTS20-11,766,7,1
MOTS20-11,767,7,1
MOTS20-11,768,7,1
MOTS20-11,769,7,1
MOTS20-11,770,7,1
MOTS20-11,771,7,1
MOTS20-11,772,8,1
MOTS20-11,773,9,1
MOTS20-11,774,9,1
MOTS20-11,775,9,1
MOTS20-11,776,8,1
MOTS20-11,777,8,1
MOTS20-11,778,8,1
MOTS20-11,779,8,1
MOTS20-11,780,8,1
MOTS20-11,781,8,1
MOTS20-11,782,8,1
MOTS20-11,783,9,1
MOTS20-11,784,9,1
MOTS20-11,785,9,1
MOTS20-11,786,9,1
MOTS20-11,787,9,1
MOTS20-11,788,9,1
MOTS20-11,789,9,1
MOTS20-11,790,9,1
MOTS20-11,791,8,1
MOTS20-11,792,8,1
MOTS20-11,793,8,1
MOTS20-11,794,9,1
MOTS20-11,795,10,1
MOTS20-11,796,10,1
MOTS20-11,797,10,1
MOTS20-11,798,10,1
MOTS20-11,799,10,1
MOTS20-11,800,10,1
MOTS20-11,801,10,1
MOTS20-11,802,10,1
MOTS20-11,803,10,1
MOTS20-11,804,10,1
MOTS20-11,805,10,1
MOTS20-11,806,10,1
MOTS20-11,807,10,1
MOTS20-11,808,10,1
MOTS20-11,809,10,1
MOTS20-11,810,10,1
MOTS20-11,811,10,1
MOTS20-11,812,10,1
MOTS20-11,813,10,1
MOTS20-11,814,10,1
MOTS20-11,815,10,1
MOTS20-11,816,10,1
MOTS20-11,817,9,1
MOTS20-11,818,9,1
MOTS20-11,819,9,1
MOTS20-11,820,9,1
MOTS20-11,821,9,1
MOTS20-11,822,9,1
MOTS20-11,823,9,1
MOTS20-11,824,9,1
MOTS20-11,825,9,1
MOTS20-11,826,9,1
MOTS20-11,827,9,1
MOTS20-11,828,9,1
MOTS20-11,829,9,1
MOTS20-11,830,10,1
MOTS20-11,831,10,1
MOTS20-11,832,10,1
MOTS20-11,833,10,1
MOTS20-11,834,10,1
MOTS20-11,835,10,1
MOTS20-11,836,10,1
MOTS20-11,837,11,1
MOTS20-11,838,11,1
MOTS20-11,839,11,1
MOTS20-11,840,10,1
MOTS20-11,841,10,1
MOTS20-11,842,10,1
MOTS20-11,843,10,1
MOTS20-11,844,10,1
MOTS20-11,845,11,1
MOTS20-11,846,11,1
MOTS20-11,847,11,1
MOTS20-11,848,11,1
MOTS20-11,849,11,1
MOTS20-11,850,11,1
MOTS20-11,851,11,1
MOTS20-11,852,10,1
MOTS20-11,853,10,1
MOTS20-11,854,9,1
MOTS20-11,855,9,1
MOTS20-11,856,9,1
MOTS20-11,857,9,1
MOTS20-11,858,9,1
MOTS20-11,859,9,1
MOTS20-11,860,9,1
MOTS20-11,861,10,1
MOTS20-11,862,10,1
MOTS20-11,863,10,1
MOTS20-11,864,11,1
MOTS20-11,865,11,1
MOTS20-11,866,11,1
MOTS20-11,867,12,1
MOTS20-11,868,12,1
MOTS20-11,869,12,1
MOTS20-11,870,11,1
MOTS20-11,871,11,1
MOTS20-11,872,11,1
MOTS20-11,873,11,1
MOTS20-11,874,11,1
MOTS20-11,875,10,1
MOTS20-11,876,9,1
MOTS20-11,877,10,1
MOTS20-11,878,10,1
MOTS20-11,879,10,1
MOTS20-11,880,10,1
MOTS20-11,881,10,1
MOTS20-11,882,10,1
MOTS20-11,883,10,1
MOTS20-11,884,10,1
MOTS20-11,885,10,1
MOTS20-11,886,10,1
MOTS20-11,887,10,1
MOTS20-11,888,9,1
MOTS20-11,889,9,1
MOTS20-11,890,9,1
MOTS20-11,891,11,1
MOTS20-11,892,11,1
MOTS20-11,893,11,1
MOTS20-11,894,11,1
MOTS20-11,895,11,1
MOTS20-11,896,11,1
MOTS20-11,897,11,1
MOTS20-11,898,11,1
MOTS20-11,899,11,1
MOTS20-11,900,11,1
