study_id,schema_version,experiment,tier,family,model,sequence,frames,gt_instances,predictions,tp,fp,fn,precision,recall,f1,ap50,ap75,mask_map50_95,tp_iou_mean,tp_dice_mean,ignored_predictions
yolo_instance_segmentation_mots20_scaling,1.0,YOLO_Second_Largest_Seg_MOTS20_Benchmark,second_largest,YOLO26,YOLO26l-Seg,MOTS20-02,600,7039,7788,5530,414,1509,0.930349932705249,0.7856229578065066,0.8518832319186629,0.8531940578157924,0.45811231097203375,0.4690681351303202,0.7774251526550413,0.8712175114003725,1844
yolo_instance_segmentation_mots20_scaling,1.0,YOLO_Second_Largest_Seg_MOTS20_Benchmark,second_largest,YOLO26,YOLO26l-Seg,MOTS20-05,837,6570,6679,5536,459,1034,0.9234361968306922,0.8426179604261796,0.8811778750497413,0.8962760633225147,0.6905346296591013,0.633303792407039,0.8481870650565224,0.9139669391827635,684
yolo_instance_segmentation_mots20_scaling,1.0,YOLO_Second_Largest_Seg_MOTS20_Benchmark,second_largest,YOLO26,YOLO26l-Seg,MOTS20-09,525,4774,5336,4149,254,625,0.9423120599591188,0.869082530372853,0.9042170644001307,0.9030067124757157,0.6714198900331423,0.5878953223893446,0.819958088901618,0.8978501027818647,933
yolo_instance_segmentation_mots20_scaling,1.0,YOLO_Second_Largest_Seg_MOTS20_Benchmark,second_largest,YOLO26,YOLO26l-Seg,MOTS20-11,900,8511,8470,7225,415,1286,0.9456806282722513,0.8489014216895782,0.8946814438734444,0.9068443097038414,0.7350291570138457,0.6409909256750733,0.8475995467926877,0.9147791643451453,830
yolo_instance_segmentation_mots20_scaling,1.0,YOLO_Second_Largest_Seg_MOTS20_Benchmark,second_largest,YOLO11,YOLO11l-Seg,MOTS20-02,600,7039,6886,5159,425,1880,0.9238896848137536,0.7329166074726524,0.8173968153370831,0.8209463398118076,0.36393108873642155,0.4066859909904096,0.7533485105043126,0.8557708422007345,1302
yolo_instance_segmentation_mots20_scaling,1.0,YOLO_Second_Largest_Seg_MOTS20_Benchmark,second_largest,YOLO11,YOLO11l-Seg,MOTS20-05,837,6570,6548,5479,495,1091,0.9171409440910613,0.8339421613394216,0.8735650510204082,0.8854387984405788,0.6439821063948795,0.5955506211119128,0.8302795272042742,0.9031039074783516,574
yolo_instance_segmentation_mots20_scaling,1.0,YOLO_Second_Largest_Seg_MOTS20_Benchmark,second_largest,YOLO11,YOLO11l-Seg,MOTS20-09,525,4774,5236,4101,274,673,0.9373714285714285,0.8590280687054881,0.8964914198273035,0.8811375774470793,0.5670675182231405,0.5243070912734371,0.7887995955613015,0.8784128766806564,861
yolo_instance_segmentation_mots20_scaling,1.0,YOLO_Second_Largest_Seg_MOTS20_Benchmark,second_largest,YOLO11,YOLO11l-Seg,MOTS20-11,900,8511,8046,7039,405,1472,0.9455937667920473,0.8270473504876042,0.8823566280162959,0.8823792498208665,0.6667938279578506,0.5757037644698787,0.8209621554924728,0.8987126384822236,602
yolo_instance_segmentation_mots20_scaling,1.0,YOLO_Second_Largest_Seg_MOTS20_Benchmark,second_largest,YOLOv9,YOLOv9c-Seg,MOTS20-02,600,7039,7275,5179,613,1860,0.894164364640884,0.7357579201591136,0.8072636583274881,0.8021755440567382,0.3676599295987396,0.3960620080181647,0.7491331518344619,0.8526089893908742,1483
yolo_instance_segmentation_mots20_scaling,1.0,YOLO_Second_Largest_Seg_MOTS20_Benchmark,second_largest,YOLOv9,YOLOv9c-Seg,MOTS20-05,837,6570,6394,5357,463,1213,0.920446735395189,0.8153729071537291,0.864729620661824,0.8722373682585953,0.6332542936960205,0.5807955587899065,0.828208429039107,0.9017487485217751,574
yolo_instance_segmentation_mots20_scaling,1.0,YOLO_Second_Largest_Seg_MOTS20_Benchmark,second_largest,YOLOv9,YOLOv9c-Seg,MOTS20-09,525,4774,5300,4049,274,725,0.936618089289845,0.8481357352325094,0.8901835770034077,0.8767268399226116,0.5550678199697942,0.5175123918585695,0.7872082072596955,0.877436733914407,977
yolo_instance_segmentation_mots20_scaling,1.0,YOLO_Second_Largest_Seg_MOTS20_Benchmark,second_largest,YOLOv9,YOLOv9c-Seg,MOTS20-11,900,8511,8224,7009,559,1502,0.9261363636363636,0.8235225002937375,0.8718203868399776,0.8735412408714162,0.6558646003420447,0.5668486583196412,0.8181426431665165,0.8969296011148,656
yolo_instance_segmentation_mots20_scaling,1.0,YOLO_Second_Largest_Seg_MOTS20_Benchmark,second_largest,YOLOv8,YOLOv8l-Seg,MOTS20-02,600,7039,8174,5360,881,1679,0.8588367248838327,0.7614717999715869,0.8072289156626506,0.8123785685614094,0.36150535666410516,0.40232199394778706,0.746471988694081,0.8507977151103717,1933
yolo_instance_segmentation_mots20_scaling,1.0,YOLO_Second_Largest_Seg_MOTS20_Benchmark,second_largest,YOLOv8,YOLOv8l-Seg,MOTS20-05,837,6570,6309,5332,435,1238,0.924570834055835,0.8115677321156773,0.8643916673421416,0.8731642336352009,0.6345260514826312,0.58172367785825,0.8303029921886582,0.9032079682995668,542
yolo_instance_segmentation_mots20_scaling,1.0,YOLO_Second_Largest_Seg_MOTS20_Benchmark,second_largest,YOLOv8,YOLOv8l-Seg,MOTS20-09,525,4774,5434,4057,279,717,0.9356549815498155,0.8498114788437369,0.8906695938529089,0.8759074463140698,0.5573548834185309,0.5170496253782839,0.7871944533725124,0.8774323483675508,1098
yolo_instance_segmentation_mots20_scaling,1.0,YOLO_Second_Largest_Seg_MOTS20_Benchmark,second_largest,YOLOv8,YOLOv8l-Seg,MOTS20-11,900,8511,8270,7019,573,1492,0.9245258166491043,0.8246974503583597,0.8717630255231944,0.8768534909400749,0.6523792750985371,0.5673394895707888,0.8177557487139642,0.8967288189597256,678
