model,sequence,frames,tp,fp,fn,gt_persons,predictions_ap_floor,predictions_at_confidence,ignored_predictions,precision,recall,f1,ap50,ap75,map50_95,ignored_detections_at_ap50,matched_iou_mean,matched_iou_median,matched_iou_std,matched_iou_p25,matched_iou_p75,matched_iou_p50,matched_iou_p95,matched_dice_mean,matched_dice_median,matched_dice_std,matched_dice_p25,matched_dice_p75,matched_dice_p50,matched_dice_p95
yolo26l-seg.pt,MOTS20-02,600,5530,414,1509,7039,71875,7788,1844,0.930349932705249,0.7856229578065066,0.8518832319186629,0.8531940578157924,0.45811231097203375,0.4690681351303202,25948,0.7774251526550413,0.7935898538854897,0.0978524996867268,0.7108038647010608,0.8624094750870258,0.7935898538854897,0.9003374275551799,0.8712175114003725,0.8849178664027473,0.06478377613013157,0.8309589186006936,0.9261223018068125,0.8849178664027473,0.9475553270283296
yolo26l-seg.pt,MOTS20-05,837,5536,459,1034,6570,47933,6679,684,0.9234361968306922,0.8426179604261796,0.8811778750497413,0.8962760633225147,0.6905346296591013,0.633303792407039,10328,0.8481870650565224,0.8841347248578728,0.10657268328008962,0.7928529930915169,0.9297883547051016,0.8841347248578728,0.959138470894568,0.9139669391827635,0.9385047820392167,0.06765457392323236,0.8844595690045873,0.9636169193766295,0.9385047820392167,0.9791431133033399
yolo26l-seg.pt,MOTS20-09,525,4149,254,625,4774,34670,5336,933,0.9423120599591188,0.869082530372853,0.9042170644001307,0.9030067124757157,0.6714198900331423,0.5878953223893446,11617,0.819958088901618,0.845407872219053,0.0952203918329392,0.7732146216063703,0.8934406678592726,0.845407872219053,0.9276211072444924,0.8978501027818647,0.9162287480680061,0.06176290977878615,0.87210494678406,0.9437218530532548,0.9162287480680061,0.9624517013278461
yolo26l-seg.pt,MOTS20-11,900,7225,415,1286,8511,78710,8470,830,0.9456806282722513,0.8489014216895782,0.8946814438734444,0.9068443097038414,0.7350291570138457,0.6409909256750733,26238,0.8475995467926877,0.871820296708745,0.08921557266537049,0.8135531579585404,0.9114797645710714,0.871820296708745,0.9413794830632222,0.9147791643451453,0.9315213626454228,0.056782467570843556,0.897192513368984,0.9536902053217434,0.9315213626454228,0.9698047097671022
yolo11l-seg.pt,MOTS20-02,600,5159,425,1880,7039,74764,6886,1302,0.9238896848137536,0.7329166074726524,0.8173968153370831,0.8209463398118076,0.36393108873642155,0.4066859909904096,27333,0.7533485105043126,0.7657621707901038,0.09627436706506971,0.6825693169305627,0.8377605392234615,0.7657621707901038,0.8798230396747223,0.8557708422007345,0.8673446327683616,0.06485331428856306,0.8113416903035371,0.9117189329712062,0.8673446327683616,0.9360700671781371
yolo11l-seg.pt,MOTS20-05,837,5479,495,1091,6570,53263,6548,574,0.9171409440910613,0.8339421613394216,0.8735650510204082,0.8854387984405788,0.6439821063948795,0.5955506211119128,10829,0.8302795272042742,0.8601847101077476,0.10924863412443661,0.7655672055291118,0.9186253825074786,0.8601847101077476,0.9546484642458136,0.9031039074783516,0.9248379533857399,0.06998308194732869,0.8672195557539903,0.9575870212752413,0.9248379533857399,0.9767981112913149
yolo11l-seg.pt,MOTS20-09,525,4101,274,673,4774,39097,5236,861,0.9373714285714285,0.8590280687054881,0.8964914198273035,0.8811375774470793,0.5670675182231405,0.5243070912734371,12290,0.7887995955613015,0.8061177902906711,0.09768332746704553,0.732791586998088,0.8661094930564349,0.8061177902906711,0.9114661153979983,0.8784128766806564,0.8926525109538254,0.06459567694524075,0.8457931034482759,0.9282515268038904,0.8926525109538254,0.9536827339554657
yolo11l-seg.pt,MOTS20-11,900,7039,405,1472,8511,73249,8046,602,0.9455937667920473,0.8270473504876042,0.8823566280162959,0.8823792498208665,0.6667938279578506,0.5757037644698787,22394,0.8209621554924728,0.8423969930535731,0.09149998671618348,0.7789824247937538,0.8876292113873012,0.8423969930535731,0.9279948514808705,0.8987126384822236,0.9144576290882797,0.05918734616634152,0.8757617980053213,0.9404698820214925,0.9144576290882797,0.9626528314499855
yolov8l-seg.pt,MOTS20-02,600,5360,881,1679,7039,77659,8174,1933,0.8588367248838327,0.7614717999715869,0.8072289156626506,0.8123785685614094,0.36150535666410516,0.40232199394778706,27853,0.746471988694081,0.757475865851126,0.10218105367028646,0.6685416042830019,0.8369202738901373,0.757475865851126,0.8829588806456805,0.8507977151103717,0.8620042875894034,0.06911621166777307,0.8013484379820177,0.9112211191467179,0.8620042875894034,0.9378419141796316
yolov8l-seg.pt,MOTS20-05,837,5332,435,1238,6570,48250,6309,542,0.924570834055835,0.8115677321156773,0.8643916673421416,0.8731642336352009,0.6345260514826312,0.58172367785825,10505,0.8303029921886582,0.8588760240196485,0.10800832552176538,0.7686217969449187,0.9176972726932979,0.8588760240196485,0.9534481962826694,0.9032079682995668,0.9240810176871918,0.06926055516400478,0.8691759850176499,0.9570825228981905,0.9240810176871918,0.9761694198754954
yolov8l-seg.pt,MOTS20-09,525,4057,279,717,4774,42557,5434,1098,0.9356549815498155,0.8498114788437369,0.8906695938529089,0.8759074463140698,0.5573548834185309,0.5170496253782839,14075,0.7871944533725124,0.8048160241115158,0.09721848184314977,0.7332385690594646,0.864513056591793,0.8048160241115158,0.9088828862514926,0.8774323483675508,0.8918538104267052,0.06440811292424553,0.8460907599781302,0.9273338725469328,0.8918538104267052,0.952266786691135
yolov8l-seg.pt,MOTS20-11,900,7019,573,1492,8511,83154,8270,678,0.9245258166491043,0.8246974503583597,0.8717630255231944,0.8768534909400749,0.6523792750985371,0.5673394895707888,24946,0.8177557487139642,0.8404982725589374,0.09205007251407116,0.7755985575697525,0.885490652957601,0.8404982725589374,0.9266062151043051,0.8967288189597256,0.913337746729151,0.059644319402545304,0.8736192696496736,0.9392681438772492,0.913337746729151,0.9619051446641879
yolov9c-seg.pt,MOTS20-02,600,5179,613,1860,7039,76365,7275,1483,0.894164364640884,0.7357579201591136,0.8072636583274881,0.8021755440567382,0.3676599295987396,0.3960620080181647,26758,0.7491331518344619,0.7666666666666667,0.10129089898828121,0.6710968430076967,0.8385009774764887,0.7666666666666667,0.8787483544674494,0.8526089893908742,0.8679245283018869,0.06863226305023323,0.803181270795136,0.912157227763293,0.8679245283018869,0.9354614750739338
yolov9c-seg.pt,MOTS20-05,837,5357,463,1213,6570,45024,6394,574,0.920446735395189,0.8153729071537291,0.864729620661824,0.8722373682585953,0.6332542936960205,0.5807955587899065,9885,0.828208429039107,0.857384203857525,0.11045122290000181,0.7660788714331517,0.9169359370609722,0.857384203857525,0.954688300653925,0.9017487485217751,0.9232168574243917,0.0710975434448311,0.867547745261782,0.9566683156525404,0.9232168574243917,0.9768189641603174
yolov9c-seg.pt,MOTS20-09,525,4049,274,725,4774,41096,5300,977,0.936618089289845,0.8481357352325094,0.8901835770034077,0.8767268399226116,0.5550678199697942,0.5175123918585695,13628,0.7872082072596955,0.8051396967674264,0.09736129719987391,0.7295905227916559,0.8643873762376237,0.8051396967674264,0.9100328507072877,0.877436733914407,0.89205250785769,0.0643894340469552,0.8436569386539606,0.9272615629719368,0.89205250785769,0.95289759057036
yolov9c-seg.pt,MOTS20-11,900,7009,559,1502,8511,79855,8224,656,0.9261363636363636,0.8235225002937375,0.8718203868399776,0.8735412408714162,0.6558646003420447,0.5668486583196412,24625,0.8181426431665165,0.839094696543182,0.09252227596876512,0.7759310557094491,0.8871230415005334,0.839094696543182,0.9268457135098646,0.8969296011148,0.9125084185391539,0.06001524264557861,0.8738301559792029,0.9401856921795023,0.9125084185391539,0.9620341751747993
