study_id,schema_version,experiment,tier,family,model,stage,mean_ms,median_ms,std_ms,p50_ms,p95_ms,repetitions,measured_frames,contamination_status
yolo_instance_segmentation_mots20_scaling,1.0,YOLO_Second_Largest_Seg_MOTS20_Benchmark,second_largest,YOLO26,YOLO26l-Seg,preprocessing,1.6538919694721699,1.843125035520643,0.43991764629798974,1.843125035520643,2.1120677643921226,3,300,CLEAN
yolo_instance_segmentation_mots20_scaling,1.0,YOLO_Second_Largest_Seg_MOTS20_Benchmark,second_largest,YOLO26,YOLO26l-Seg,inference,36.26607983993987,34.12195201963186,5.874376172490182,34.12195201963186,47.13845005608164,3,300,CLEAN
yolo_instance_segmentation_mots20_scaling,1.0,YOLO_Second_Largest_Seg_MOTS20_Benchmark,second_largest,YOLO26,YOLO26l-Seg,postprocessing,38.48287948562453,40.36969703156501,22.79994468356705,40.36969703156501,69.24873606767508,3,300,CLEAN
yolo_instance_segmentation_mots20_scaling,1.0,YOLO_Second_Largest_Seg_MOTS20_Benchmark,second_largest,YOLO26,YOLO26l-Seg,pipeline,76.40285129503657,83.00574152963236,24.897219810659408,83.00574152963236,112.61516147060321,3,300,CLEAN
yolo_instance_segmentation_mots20_scaling,1.0,YOLO_Second_Largest_Seg_MOTS20_Benchmark,second_largest,YOLO26,YOLO26l-Seg,rle_preparation,230.0581656047143,240.0258770212531,140.70974587156948,240.0258770212531,431.67478109826334,3,300,CLEAN
yolo_instance_segmentation_mots20_scaling,1.0,YOLO_Second_Largest_Seg_MOTS20_Benchmark,second_largest,YOLO26,YOLO26l-Seg,ultralytics_postprocess_inclusive,25.740381318998214,27.633343532215804,14.298416042798964,27.633343532215804,45.60665887547657,3,300,CLEAN
yolo_instance_segmentation_mots20_scaling,1.0,YOLO_Second_Largest_Seg_MOTS20_Benchmark,second_largest,YOLO11,YOLO11l-Seg,preprocessing,1.714808688654254,1.8833440262824297,0.4410893433391332,1.8833440262824297,2.217101096175611,3,300,CLEAN
yolo_instance_segmentation_mots20_scaling,1.0,YOLO_Second_Largest_Seg_MOTS20_Benchmark,second_largest,YOLO11,YOLO11l-Seg,inference,35.38676935752543,33.70774147333577,6.299670575112987,33.70774147333577,48.40558917494491,3,300,CLEAN
yolo_instance_segmentation_mots20_scaling,1.0,YOLO_Second_Largest_Seg_MOTS20_Benchmark,second_largest,YOLO11,YOLO11l-Seg,postprocessing,39.70879193240156,40.109286026563495,23.314162331436993,40.109286026563495,70.72542901732965,3,300,CLEAN
yolo_instance_segmentation_mots20_scaling,1.0,YOLO_Second_Largest_Seg_MOTS20_Benchmark,second_largest,YOLO11,YOLO11l-Seg,pipeline,76.81036997858125,80.93264896888286,24.863419723016005,80.93264896888286,116.72498124535197,3,300,CLEAN
yolo_instance_segmentation_mots20_scaling,1.0,YOLO_Second_Largest_Seg_MOTS20_Benchmark,second_largest,YOLO11,YOLO11l-Seg,rle_preparation,242.01322626206093,248.21168644120917,148.78593516548733,248.21168644120917,461.9431865401566,3,300,CLEAN
yolo_instance_segmentation_mots20_scaling,1.0,YOLO_Second_Largest_Seg_MOTS20_Benchmark,second_largest,YOLO11,YOLO11l-Seg,ultralytics_postprocess_inclusive,26.433026877542336,27.613975515123457,14.344766679322518,27.613975515123457,46.66803495492786,3,300,CLEAN
yolo_instance_segmentation_mots20_scaling,1.0,YOLO_Second_Largest_Seg_MOTS20_Benchmark,second_largest,YOLOv9,YOLOv9c-Seg,preprocessing,1.689953871925051,1.8767444416880608,0.4624839091218832,1.8767444416880608,2.1780948562081903,3,300,CLEAN
yolo_instance_segmentation_mots20_scaling,1.0,YOLO_Second_Largest_Seg_MOTS20_Benchmark,second_largest,YOLOv9,YOLOv9c-Seg,inference,35.292866125625245,33.58535701408982,5.3396625374436555,33.58535701408982,45.630718482425436,3,300,CLEAN
yolo_instance_segmentation_mots20_scaling,1.0,YOLO_Second_Largest_Seg_MOTS20_Benchmark,second_largest,YOLOv9,YOLOv9c-Seg,postprocessing,39.93770417252866,43.268819514196366,22.892057929074344,43.268819514196366,71.63111632689834,3,300,CLEAN
yolo_instance_segmentation_mots20_scaling,1.0,YOLO_Second_Largest_Seg_MOTS20_Benchmark,second_largest,YOLOv9,YOLOv9c-Seg,pipeline,76.92052417007896,84.04895506100729,24.765228835080332,84.04895506100729,108.10572865302674,3,300,CLEAN
yolo_instance_segmentation_mots20_scaling,1.0,YOLO_Second_Largest_Seg_MOTS20_Benchmark,second_largest,YOLOv9,YOLOv9c-Seg,rle_preparation,254.25734916119836,268.7726200092584,157.32026571740053,268.7726200092584,483.9225830393844,3,300,CLEAN
yolo_instance_segmentation_mots20_scaling,1.0,YOLO_Second_Largest_Seg_MOTS20_Benchmark,second_largest,YOLOv9,YOLOv9c-Seg,ultralytics_postprocess_inclusive,27.285280815170456,30.122312484309077,15.465957507428715,30.122312484309077,48.579893133137375,3,300,CLEAN
yolo_instance_segmentation_mots20_scaling,1.0,YOLO_Second_Largest_Seg_MOTS20_Benchmark,second_largest,YOLOv8,YOLOv8l-Seg,preprocessing,1.720575458991031,1.8749055452644825,0.48374394446833935,1.8749055452644825,2.2516064636874944,3,300,CLEAN
yolo_instance_segmentation_mots20_scaling,1.0,YOLO_Second_Largest_Seg_MOTS20_Benchmark,second_largest,YOLOv8,YOLOv8l-Seg,inference,40.08965912469042,39.28218950750306,3.664784761729976,39.28218950750306,47.01051825541072,3,300,CLEAN
yolo_instance_segmentation_mots20_scaling,1.0,YOLO_Second_Largest_Seg_MOTS20_Benchmark,second_largest,YOLOv8,YOLOv8l-Seg,postprocessing,41.748093692585826,44.041518471203744,24.553277619923858,44.041518471203744,72.17396075720899,3,300,CLEAN
yolo_instance_segmentation_mots20_scaling,1.0,YOLO_Second_Largest_Seg_MOTS20_Benchmark,second_largest,YOLOv8,YOLOv8l-Seg,pipeline,83.55832827626728,87.01706898864359,24.601185073850125,87.01706898864359,112.77146650827491,3,300,CLEAN
yolo_instance_segmentation_mots20_scaling,1.0,YOLO_Second_Largest_Seg_MOTS20_Benchmark,second_largest,YOLOv8,YOLOv8l-Seg,rle_preparation,259.78774997444515,290.43784347595647,158.483933596191,290.43784347595647,474.0333844732959,3,300,CLEAN
yolo_instance_segmentation_mots20_scaling,1.0,YOLO_Second_Largest_Seg_MOTS20_Benchmark,second_largest,YOLOv8,YOLOv8l-Seg,ultralytics_postprocess_inclusive,28.313252153651167,30.377605464309454,15.796394924466728,30.377605464309454,49.802154349163175,3,300,CLEAN
